area_name,median_rent,median_home_value,median_income,zip,is_texas_zip,rent_affordability_score,home_affordability_score,income_score,starter_score
ZCTA5 78588,520,52800,94821,78588,TRUE,9.209144269,9.913090386,3.400218603,7.677650405
ZCTA5 79789,678,124600,106250,79789,TRUE,8.721037998,9.482737953,3.886292206,7.499124247
ZCTA5 79248,264,55000,49028,79248,TRUE,10,9.8999041,1.452649397,7.405766049
ZCTA5 79561,725,120800,93250,79561,TRUE,8.575841829,9.505514265,3.333404216,7.282012276
ZCTA5 76631,775,114200,97083,76631,TRUE,8.421377819,9.545073124,3.496421114,7.280999399
ZCTA5 76936,660,125300,86411,76936,TRUE,8.776645042,9.478542316,3.042542604,7.266983493
ZCTA5 75976,510,66400,62857,75976,TRUE,9.240037071,9.831575162,2.040794628,7.257725765
ZCTA5 79532,373,69800,49643,79532,TRUE,9.663268458,9.811196356,1.478805252,7.252307866
ZCTA5 76837,533,85100,66528,76837,TRUE,9.168983627,9.719491729,2.19692169,7.242517476
ZCTA5 76371,483,84700,61335,76371,TRUE,9.323447637,9.721889235,1.976064203,7.238765086
ZCTA5 79244,588,88400,71875,79244,TRUE,8.999073216,9.699712299,2.424328773,7.236841608
ZCTA5 76566,683,339100,115417,76566,TRUE,8.705591597,8.197075042,4.276163298,7.224208141
ZCTA5 79778,564,123500,70808,79778,TRUE,9.073215941,9.489331096,2.378949428,7.189770533
ZCTA5 79024,593,110100,71250,79024,TRUE,8.983626815,9.569647567,2.397747619,7.183669282
ZCTA5 75937,723,89500,80441,75937,TRUE,8.582020389,9.693119156,2.788639428,7.177335731
ZCTA5 76372,584,106600,69167,76372,TRUE,9.011430337,9.590625749,2.309157952,7.174507245
ZCTA5 79227,572,69700,62188,79227,TRUE,9.048501699,9.811795732,2.012342161,7.166642048
ZCTA5 79543,602,71500,64978,79543,TRUE,8.955823293,9.801006953,2.13100043,7.161931532
ZCTA5 76888,530,100000,60893,76888,TRUE,9.178251467,9.630184608,1.957266011,7.147535773
ZCTA5 78010,489,318600,86830,78010,TRUE,9.304911956,8.319947255,3.060362609,7.136057742
ZCTA5 79546,575,65000,58984,79546,TRUE,9.039233859,9.839966435,1.876076537,7.130506435
ZCTA5 77978,1175,251600,142500,77978,TRUE,7.18566574,8.721529609,5.427999098,7.119124908
ZCTA5 75929,546,166900,69554,75929,TRUE,9.128822984,9.22920163,2.325617002,7.117974783
ZCTA5 76444,608,115800,68147,76444,TRUE,8.937287612,9.535483098,2.265777509,7.115293227
ZCTA5 79505,527,62900,52708,79505,TRUE,9.187519308,9.852553345,1.609159227,7.113521495
ZCTA5 79528,682,103900,73476,79528,TRUE,8.708680877,9.606808919,2.492419055,7.113240743
ZCTA5 75968,500,89100,53355,75968,TRUE,9.270929873,9.695516663,1.636676037,7.108029759
ZCTA5 79744,374,101100,42039,79744,TRUE,9.660179178,9.623591465,1.155408308,7.097771603
ZCTA5 79062,630,76500,63317,79062,TRUE,8.869323448,9.77103812,2.060358356,7.097148322
ZCTA5 79041,587,101000,61832,79041,TRUE,9.002162496,9.624190842,1.997201536,7.087282712
ZCTA5 79237,622,62500,59688,79237,TRUE,8.894037689,9.854950851,1.906017548,7.085905595
ZCTA5 76534,625,210100,80536,76534,TRUE,8.884769849,8.970270918,2.792679763,7.082793144
ZCTA5 79245,491,78900,48403,79245,TRUE,9.298733395,9.756653081,1.426068243,7.074309755
ZCTA5 79351,658,98900,66853,79351,TRUE,8.782823602,9.636777751,2.21074389,7.067385933
ZCTA5 78962,508,235600,71278,78962,TRUE,9.246215632,8.817429873,2.398938455,7.063396751
ZCTA5 79512,613,88800,60353,79512,TRUE,8.921841211,9.697314793,1.934299895,7.058220891
ZCTA5 79839,540,55000,47950,79839,TRUE,9.147358665,9.8999041,1.406802223,7.050955363
ZCTA5 79345,746,95000,73438,79345,TRUE,8.510966945,9.66015344,2.490802921,7.049673686
ZCTA5 79322,535,65500,48750,79322,TRUE,9.162805066,9.836969552,1.4408261,7.048460722
ZCTA5 79225,844,101600,83333,79225,TRUE,8.208217485,9.620594582,2.91163574,7.042956091
ZCTA5 79845,433,96800,42818,79845,TRUE,9.477911647,9.649364661,1.188539057,7.042535774
ZCTA5 76878,494,78300,46111,76878,TRUE,9.289465555,9.760249341,1.328589838,7.042437975
ZCTA5 79235,540,95800,52935,79235,TRUE,9.147358665,9.655358427,1.618813502,7.041195045
ZCTA5 79529,565,63400,50694,79529,TRUE,9.07012666,9.849556461,1.523504119,7.039968838
ZCTA5 76875,536,162700,61875,76875,TRUE,9.159715786,9.25437545,1.99903032,7.039908045
ZCTA5 79252,655,84600,62228,79252,TRUE,8.792091443,9.722488612,2.014043355,7.037796167
ZCTA5 79502,613,44100,52333,79502,TRUE,8.921841211,9.965236154,1.593210535,7.036270491
ZCTA5 78594,326,38300,23307,78594,TRUE,9.808464628,10,0.358739245,7.031007625
ZCTA5 77872,766,190300,87188,77872,TRUE,8.449181341,9.088947495,3.075588294,7.029033273
ZCTA5 79525,850,153300,89875,79525,TRUE,8.189681804,9.310716854,3.189865988,7.026047575
ZCTA5 79504,639,119600,64545,79504,TRUE,8.841519926,9.512706785,2.112585007,7.024195508
ZCTA5 79782,963,171000,102986,79782,TRUE,7.840593142,9.204627188,3.74747479,7.02186785
ZCTA5 78595,628,89200,58846,78595,TRUE,8.875502008,9.694917286,1.870207418,7.019738214
ZCTA5 79084,529,134800,54808,79084,TRUE,9.181340748,9.421601534,1.698471903,7.00855833
ZCTA5 76945,442,67000,36731,76945,TRUE,9.450108125,9.827978902,0.929659889,7.007334887
ZCTA5 79097,866,144600,88182,79097,TRUE,8.140253321,9.362862623,3.11786296,7.000319003
ZCTA5 79371,691,101600,64917,79371,TRUE,8.680877356,9.620594582,2.128406109,6.997051149
ZCTA5 76525,753,169800,80208,76525,TRUE,8.489341983,9.211819708,2.778729974,6.992901698
ZCTA5 76265,644,216500,76036,76265,TRUE,8.826073525,8.931910813,2.601295459,6.990391292
ZCTA5 79312,779,49100,64722,79312,TRUE,8.409020698,9.935267322,2.120112789,6.980222313
ZCTA5 76950,772,157000,78844,76950,TRUE,8.43064566,9.288539918,2.720719265,6.975036019
ZCTA5 79379,770,80800,67813,79379,TRUE,8.43682422,9.745264924,2.251572541,6.973780928
ZCTA5 76491,842,103100,77917,76491,TRUE,8.214396046,9.611603932,2.681294098,6.973627827
ZCTA5 78118,666,103700,60711,78118,TRUE,8.758109361,9.608007672,1.94952558,6.97050372
ZCTA5 79250,645,78600,54917,79250,TRUE,8.822984245,9.758451211,1.703107656,6.967661358
ZCTA5 75556,1014,103600,93750,75556,TRUE,7.683039852,9.608607049,3.354669139,6.962198797
ZCTA5 78830,631,66700,51354,78830,TRUE,8.866234167,9.829777032,1.551573817,6.960898922
ZCTA5 76360,815,69400,69143,76360,TRUE,8.297806611,9.813593862,2.308137235,6.955641974
ZCTA5 79739,648,258000,79352,79739,TRUE,8.813716404,8.683169504,2.742324426,6.953134741
ZCTA5 76055,745,197300,80025,76055,TRUE,8.514056225,9.046991129,2.770947012,6.951003932
ZCTA5 76656,750,128200,70703,76656,TRUE,8.498609824,9.461160393,2.374483794,6.950137186
ZCTA5 79372,675,96700,58906,79372,TRUE,8.730305839,9.649964037,1.872759209,6.948939309
ZCTA5 79241,721,85700,61803,79241,TRUE,8.58819895,9.715895469,1.995968171,6.948838672
ZCTA5 76374,488,121000,43939,76374,TRUE,9.308001236,9.504315512,1.236215014,6.945359652
ZCTA5 76365,787,162300,78484,76365,TRUE,8.384306457,9.256772956,2.70540852,6.942377026
ZCTA5 75563,580,121900,52565,75563,TRUE,9.023787458,9.498921122,1.60307746,6.940114558
ZCTA5 79255,685,66700,54375,79255,TRUE,8.699413037,9.829777032,1.68005648,6.932715268
ZCTA5 76430,726,202400,77102,76430,TRUE,8.572752549,9.01642292,2.646632274,6.928017578
ZCTA5 76464,818,48500,64038,76464,TRUE,8.28853877,9.938863582,2.091022375,6.924381295
ZCTA5 79257,543,91300,43362,79257,TRUE,9.138090825,9.682330376,1.211675293,6.923438031
ZCTA5 76665,646,160700,62857,76665,TRUE,8.819894964,9.266362982,2.040794628,6.920105269
ZCTA5 77442,619,237100,70859,77442,TRUE,8.90330553,8.808439223,2.38111845,6.918189514
ZCTA5 75936,721,168900,70938,75936,TRUE,8.58819895,9.217214097,2.384478308,6.915787301
ZCTA5 78357,739,137500,68000,78357,TRUE,8.532591906,9.405418365,2.259525622,6.912519959
ZCTA5 75571,606,146900,56151,75571,TRUE,8.943466172,9.34907696,1.755589485,6.908786402
ZCTA5 76454,492,84800,36354,76454,TRUE,9.295644115,9.721289859,0.913626137,6.908732445
ZCTA5 76626,1000,205600,102500,76626,TRUE,7.726289774,8.997242867,3.726805286,6.907730356
ZCTA5 79261,565,129200,49450,79261,TRUE,9.07012666,9.455166627,1.470596991,6.90577975
ZCTA5 79359,661,89000,53048,79359,TRUE,8.773555762,9.696116039,1.623619375,6.905342929
ZCTA5 79343,681,119800,58906,79343,TRUE,8.711770158,9.511508032,1.872759209,6.899988235
ZCTA5 75931,729,233800,79514,75931,TRUE,8.563484708,8.828218653,2.749214261,6.898623757
ZCTA5 75851,900,164400,85982,75851,TRUE,8.035217794,9.244186047,3.024297301,6.894632122
ZCTA5 76351,531,138900,46484,76351,TRUE,9.175162187,9.397027092,1.34445347,6.892509043
ZCTA5 79087,820,102600,69135,79087,TRUE,8.28236021,9.614600815,2.307796997,6.889663428
ZCTA5 76380,581,103100,45880,76380,TRUE,9.020698177,9.611603932,1.318765444,6.887390084
ZCTA5 79095,715,103600,58889,79095,TRUE,8.606734631,9.608607049,1.872036201,6.886886827
ZCTA5 76627,800,126900,70375,76627,TRUE,8.344145814,9.46895229,2.360534005,6.886504214
ZCTA5 78383,969,237200,102135,78383,TRUE,7.822057461,8.807839847,3.711281892,6.884559506
ZCTA5 79521,760,117400,64294,79521,TRUE,8.467717022,9.525893071,2.101910015,6.875427735
ZCTA5 75925,742,105200,60811,75925,TRUE,8.523324065,9.599017022,1.953778564,6.875168302
ZCTA5 75573,971,159500,90349,75573,TRUE,7.8158789,9.273555502,3.210025135,6.871425751
ZCTA5 77660,643,181900,61500,77660,TRUE,8.829162805,9.139295133,1.983081628,6.86837815
ZCTA5 78538,556,92100,40399,78538,TRUE,9.097930182,9.677535363,1.085659361,6.86813049
ZCTA5 79018,913,106300,76667,79018,TRUE,7.995057152,9.592423879,2.628131791,6.864189562
ZCTA5 75567,776,150000,69350,75567,TRUE,8.418288539,9.330496284,2.316940913,6.861546575
ZCTA5 79311,868,176800,81985,79311,TRUE,8.134074761,9.169863342,2.854305509,6.86088056
ZCTA5 79567,702,71700,50781,79567,TRUE,8.646895273,9.799808199,1.527204216,6.856861834
ZCTA5 78014,821,100000,66250,78014,TRUE,8.27927093,9.630184608,2.185098393,6.856293272
ZCTA5 78839,519,103700,37365,78839,TRUE,9.21223355,9.608007672,0.956623811,6.854282865
ZCTA5 75691,960,170500,89353,75691,TRUE,7.849860982,9.207624071,3.167665409,6.852531237
ZCTA5 75974,642,91300,47292,75974,TRUE,8.832252085,9.682330376,1.378817585,6.851245223
ZCTA5 75631,938,146800,83750,75631,TRUE,7.917825147,9.349676337,2.929370686,6.850844165
ZCTA5 79520,853,74700,65331,79520,TRUE,8.180413964,9.7818269,2.146013465,6.850517695
ZCTA5 79357,775,76400,57993,79357,TRUE,8.421377819,9.771637497,1.83392946,6.850221215
ZCTA5 75941,747,109900,59593,75941,TRUE,8.507877665,9.57084632,1.901977213,6.844998126
ZCTA5 79040,939,156400,84583,79040,TRUE,7.914735867,9.292136178,2.964798047,6.842974614
ZCTA5 75603,697,185800,65212,75603,TRUE,8.662341674,9.115919444,2.140952413,6.841998227
ZCTA5 78881,556,69800,35104,78881,TRUE,9.097930182,9.811196356,0.86046383,6.840670129
ZCTA5 75555,740,112100,58750,75555,TRUE,8.529502626,9.557660034,1.866124553,6.838936426
ZCTA5 79355,883,143300,76967,79355,TRUE,8.087735558,9.370654519,2.640890745,6.838557802
ZCTA5 77979,865,156200,77039,77979,TRUE,8.143342601,9.293334932,2.643952894,6.838523388
ZCTA5 79838,606,95800,43367,79838,TRUE,8.943466172,9.655358427,1.211887942,6.83756038
ZCTA5 75755,897,109500,73402,75755,TRUE,8.044485635,9.573243826,2.489271847,6.836548956
ZCTA5 76861,866,218200,85714,76861,TRUE,8.140253321,8.92172141,3.012899302,6.836487542
ZCTA5 75117,875,250000,90954,75117,TRUE,8.112449799,8.731119636,3.235755692,6.835042518
ZCTA5 75473,1031,234200,103793,75473,TRUE,7.630522088,8.825821146,3.781796376,6.834494092
ZCTA5 75926,791,130400,65833,75926,TRUE,8.371949336,9.447974107,2.167363447,6.833381001
ZCTA5 79323,924,193300,87321,79323,TRUE,7.96107507,9.070966195,3.081244764,6.830093315
ZCTA5 75683,813,113300,65240,75683,TRUE,8.303985171,9.550467514,2.142143249,6.829377297
ZCTA5 77624,1052,167900,96058,77624,TRUE,7.565647204,9.223207864,3.452828022,6.829069647
ZCTA5 75708,962,157400,85441,75708,TRUE,7.843682422,9.286142412,3.001288654,6.823702289
ZCTA5 75435,629,135800,50000,75435,TRUE,8.872412728,9.415607768,1.493988406,6.821843943
ZCTA5 79329,684,220200,67059,79329,TRUE,8.702502317,8.909733877,2.219505038,6.819772601
ZCTA5 79054,892,45000,62500,79054,TRUE,8.059932036,9.959841765,2.025611473,6.819608786
ZCTA5 75845,663,104600,48333,75845,TRUE,8.767377201,9.602613282,1.423091154,6.814662211
ZCTA5 75102,1056,123500,88929,75102,TRUE,7.553290083,9.489331096,3.149632755,6.813005188
ZCTA5 76527,658,345400,81574,76527,TRUE,8.782823602,8.159314313,2.836825742,6.811971458
ZCTA5 76853,700,245500,71500,76853,TRUE,8.653073834,8.758091585,2.408380081,6.811171033
ZCTA5 79510,900,161000,78686,79510,TRUE,8.035217794,9.264564853,2.713999549,6.807656438
ZCTA5 77853,755,128700,60069,77853,TRUE,8.483163423,9.45816351,1.922221419,6.807380848
ZCTA5 77612,816,118000,64415,77612,TRUE,8.294717331,9.522296811,2.107056127,6.806692814
ZCTA5 79511,1152,264400,117578,79511,TRUE,7.256719184,8.644809398,4.368070293,6.806551581
ZCTA5 76844,702,223800,68032,76844,TRUE,8.646895273,8.888156317,2.260886577,6.803470978
ZCTA5 76043,770,250500,78306,76043,TRUE,8.43682422,8.728122752,2.697838208,6.802517976
ZCTA5 78355,712,82400,48828,78355,TRUE,8.616002471,9.735674898,1.444143428,6.800346486
ZCTA5 75954,779,91700,56600,75954,TRUE,8.409020698,9.67993287,1.774685385,6.799993756
ZCTA5 76636,743,204800,69018,76636,TRUE,8.520234785,9.002037881,2.302821005,6.79955158
ZCTA5 79501,771,89200,55430,79501,TRUE,8.43373494,9.694917286,1.724925466,6.799446802
ZCTA5 79506,827,113800,63942,79506,TRUE,8.260735249,9.547470631,2.08693951,6.794617142
ZCTA5 75975,649,96900,44297,75975,TRUE,8.810627124,9.648765284,1.251440699,6.794312644
ZCTA5 75421,880,158600,75197,75421,TRUE,8.097003398,9.278949892,2.565612919,6.792170203
ZCTA5 76622,817,195700,74167,76622,TRUE,8.291628051,9.056581156,2.521807178,6.79016772
ZCTA5 76569,830,125500,65491,76569,TRUE,8.251467408,9.477343563,2.15281824,6.789635504
ZCTA5 76389,1025,229200,98750,76389,TRUE,7.64905777,8.855789978,3.567318366,6.786555611
ZCTA5 79346,691,48100,40833,79346,TRUE,8.680877356,9.941261088,1.104117314,6.785964463
ZCTA5 76471,700,141700,54773,76471,TRUE,8.653073834,9.380244546,1.696983358,6.784397905
ZCTA5 75956,756,156300,62196,75956,TRUE,8.480074143,9.292735555,2.0126824,6.783655044
ZCTA5 75972,659,96300,44196,75972,TRUE,8.779734322,9.652361544,1.247145184,6.781745747
ZCTA5 75570,805,162600,67622,75570,TRUE,8.328699413,9.254974826,2.243449341,6.781007015
ZCTA5 78827,456,87600,23167,78827,TRUE,9.406858202,9.704507312,0.352785067,6.779930995
ZCTA5 76859,673,110900,47443,76859,TRUE,8.736484399,9.564852553,1.385239592,6.779621403
ZCTA5 76475,655,201100,58333,76475,TRUE,8.792091443,9.024214817,1.848389607,6.778617904
ZCTA5 78938,688,201400,61250,78938,TRUE,8.690145196,9.022416687,1.972449166,6.774517834
ZCTA5 79070,891,131500,70915,79070,TRUE,8.063021316,9.441380964,2.383500121,6.772672852
ZCTA5 79226,800,102700,58031,79226,TRUE,8.344145814,9.614001439,1.835545594,6.772522435
ZCTA5 79360,854,219200,79467,79360,TRUE,8.177324683,8.915727643,2.747215358,6.769812774
ZCTA5 78076,613,100000,39239,78076,TRUE,8.921841211,9.630184608,1.036324741,6.768689289
ZCTA5 79370,765,63100,48750,79370,TRUE,8.452270621,9.851354591,1.4408261,6.768562456
ZCTA5 77859,665,160000,52639,77859,TRUE,8.761198641,9.270558619,1.606224668,6.767514442
ZCTA5 75412,863,109200,64605,75412,TRUE,8.149521162,9.575041956,2.115136797,6.766862091
ZCTA5 75980,687,94500,45439,75980,TRUE,8.693234476,9.663150324,1.300009782,6.766241822
ZCTA5 79059,841,142500,66875,79059,TRUE,8.217485326,9.375449532,2.211679546,6.763132854
ZCTA5 76849,734,188900,62977,76849,TRUE,8.548038307,9.097338768,2.045898209,6.762186416
ZCTA5 75161,862,264500,85981,75161,TRUE,8.152610442,8.644210022,3.024254771,6.761583614
ZCTA5 76661,687,66700,41056,76661,TRUE,8.693234476,9.829777032,1.11360147,6.760307341
ZCTA5 78884,813,286900,84271,78884,TRUE,8.303985171,8.509949652,2.951528735,6.760037585
ZCTA5 76686,894,169100,75469,76686,TRUE,8.053753475,9.216015344,2.577181037,6.759460304
ZCTA5 76834,708,89900,46120,76834,TRUE,8.628359592,9.690721649,1.328972607,6.757252114
ZCTA5 77662,897,146200,72243,77662,TRUE,8.044485635,9.353272596,2.439979756,6.75576996
ZCTA5 75127,673,216800,60366,75127,TRUE,8.736484399,8.930112683,1.934852783,6.754083399
ZCTA5 75155,898,111800,67336,75155,TRUE,8.041396355,9.559458164,2.231285805,6.753781732
ZCTA5 75477,985,216300,90469,75477,TRUE,7.772628977,8.933109566,3.215128717,6.753523076
ZCTA5 75633,814,161100,66102,75633,TRUE,8.300895891,9.263965476,2.178803976,6.753189192
ZCTA5 76367,946,143500,76310,76367,TRUE,7.893110905,9.369455766,2.612948637,6.751965683
ZCTA5 77465,780,177200,64666,77465,TRUE,8.405931418,9.167465836,2.117731118,6.747931653
ZCTA5 79735,937,174500,78935,79735,TRUE,7.920914427,9.183649005,2.724589481,6.740837316
ZCTA5 79057,975,91300,70865,79057,TRUE,7.803521779,9.682330376,2.381373629,6.740519913
ZCTA5 76624,925,188300,79625,76624,TRUE,7.957985789,9.100935028,2.753935074,6.739655346
ZCTA5 79313,920,74300,62788,79313,TRUE,7.97343219,9.784224407,2.037860068,6.735998219
ZCTA5 78377,755,97000,49974,78377,TRUE,8.483163423,9.648165907,1.49288263,6.735579931
ZCTA5 78576,697,131400,49137,78576,TRUE,8.662341674,9.44198034,1.45728515,6.734716317
ZCTA5 76511,774,222900,69286,76511,TRUE,8.424467099,8.893550707,2.314219003,6.732117753
ZCTA5 76638,1083,440900,129917,76638,TRUE,7.469879518,7.586909614,4.892846055,6.731878508
ZCTA5 79080,894,41700,55313,79080,TRUE,8.053753475,9.979621194,1.719949475,6.731372591
ZCTA5 76305,921,184700,78071,76305,TRUE,7.97034291,9.122512587,2.687843694,6.731244048
ZCTA5 79358,1000,217600,90333,79358,TRUE,7.726289774,8.92531767,3.209344658,6.730914608
ZCTA5 75437,953,231600,87574,75437,TRUE,7.871485944,8.841404939,3.092004814,6.728617303
ZCTA5 78384,764,78100,47603,78384,TRUE,8.455359901,9.761448094,1.392044367,6.728191699
ZCTA5 76538,867,122500,63750,76538,TRUE,8.137164041,9.495324862,2.078773779,6.727095209
ZCTA5 79068,1038,165300,86264,79068,TRUE,7.608897127,9.238791657,3.036290717,6.726083563
ZCTA5 79544,700,82500,41750,79544,TRUE,8.653073834,9.735075521,1.143117182,6.724687345
ZCTA5 79331,799,101800,54000,79331,TRUE,8.347235094,9.619395828,1.664107788,6.723945122
ZCTA5 75568,711,123600,48417,75568,TRUE,8.619091752,9.488731719,1.426663661,6.722255315
ZCTA5 78580,844,71700,53841,78580,TRUE,8.208217485,9.799808199,1.657345542,6.720433117
ZCTA5 76640,838,166900,66641,76640,TRUE,8.226753167,9.22920163,2.201727562,6.719980024
ZCTA5 76239,849,228200,76250,76239,TRUE,8.192771084,8.861783745,2.610396846,6.718762611
ZCTA5 79373,967,137100,74728,79373,TRUE,7.828236021,9.407815871,2.545666421,6.717339096
ZCTA5 79347,932,105700,66792,79347,TRUE,7.936360828,9.596020139,2.208149569,6.715795244
ZCTA5 75938,827,97300,55379,75938,TRUE,8.260735249,9.646367778,1.722756444,6.715031366
ZCTA5 76932,746,171500,57813,76932,TRUE,8.510966945,9.201630304,1.826274088,6.712758096
ZCTA5 75453,1149,275700,111406,75453,TRUE,7.265987025,8.577079837,4.105576088,6.711191588
ZCTA5 79508,1179,210000,105000,79508,TRUE,7.173308619,8.970870295,3.833129899,6.710523506
ZCTA5 77864,912,168400,73247,77864,TRUE,7.998146432,9.220210981,2.48267972,6.710125783
ZCTA5 78583,698,161900,51453,78583,TRUE,8.659252394,9.259170463,1.555784272,6.708187378
ZCTA5 75446,599,238800,52460,75446,TRUE,8.965091134,8.79824982,1.598611826,6.705094947
ZCTA5 76377,942,98000,65667,76377,TRUE,7.905468026,9.642172141,2.160303493,6.702929901
ZCTA5 75789,971,202000,83131,75789,TRUE,7.8158789,9.018820427,2.903044712,6.702911102
ZCTA5 78019,814,81900,50992,78019,TRUE,8.300895891,9.738671781,1.536178013,6.702813295
ZCTA5 75860,839,128400,59950,75860,TRUE,8.223663886,9.45996164,1.917160367,6.702602157
ZCTA5 76676,900,164300,70625,76676,TRUE,8.035217794,9.244785423,2.371166466,6.698872684
ZCTA5 78343,924,112200,65467,78343,TRUE,7.96107507,9.557060657,2.151797524,6.697087482
ZCTA5 77878,734,207000,60417,77878,TRUE,8.548038307,8.988851594,1.937021805,6.696977343
ZCTA5 75432,865,151700,65030,75432,TRUE,8.143342601,9.320306881,2.133211982,6.693392699
ZCTA5 76664,941,168900,74618,76664,TRUE,7.908557306,9.217214097,2.540988138,6.690883593
ZCTA5 79336,849,140000,61598,79336,TRUE,8.192771084,9.390433949,1.987249552,6.690413484
ZCTA5 76424,845,103900,56082,76424,TRUE,8.205128205,9.606808919,1.752654926,6.689890435
ZCTA5 76366,769,156700,56034,76366,TRUE,8.4399135,9.290338048,1.750613493,6.688250862
ZCTA5 76518,704,225000,59333,76518,TRUE,8.640716713,8.880963798,1.890919453,6.68785166
ZCTA5 79731,882,129400,63096,79731,TRUE,8.090824838,9.453967873,2.050959261,6.687808075
ZCTA5 75667,896,105400,61065,75667,TRUE,8.047574915,9.597818269,1.964581145,6.68774979
ZCTA5 78375,781,91900,47941,78375,TRUE,8.402842138,9.678734117,1.406419455,6.686682927
ZCTA5 79001,1100,122500,83125,79001,TRUE,7.417361755,9.495324862,2.902789533,6.68637902
ZCTA5 79007,916,112900,63929,79007,TRUE,7.985789311,9.55286502,2.086386622,6.686091217
ZCTA5 75650,1142,197200,97596,75650,TRUE,7.287611986,9.047590506,3.518238924,6.684793624
ZCTA5 78164,870,171300,67578,78164,TRUE,8.1278962,9.202829058,2.241578027,6.684480606
ZCTA5 77837,846,119600,57917,77837,TRUE,8.202038925,9.512706785,1.830697192,6.683836763
ZCTA5 78940,919,292200,89157,78940,TRUE,7.97652147,8.47818269,3.15932956,6.681862263
ZCTA5 75410,864,222900,73934,75410,TRUE,8.146431881,8.893550707,2.511897724,6.680207282
ZCTA5 75457,928,249800,83916,75457,TRUE,7.948717949,8.732318389,2.93643064,6.680111888
ZCTA5 75686,797,170700,59991,75686,TRUE,8.353413655,9.206425318,1.918904091,6.678964284
ZCTA5 78016,732,221500,60736,78016,TRUE,8.554216867,8.90194198,1.950588826,6.677445989
ZCTA5 77951,745,133300,49531,77951,TRUE,8.514056225,9.430592184,1.474041909,6.677012718
ZCTA5 76443,791,104700,49915,76443,TRUE,8.371949336,9.602013906,1.49037337,6.676495917
ZCTA5 76453,944,350000,99293,76453,TRUE,7.899289466,8.131742987,3.590412072,6.676362304
ZCTA5 77871,788,234300,67877,77871,TRUE,8.381217176,8.825221769,2.254294451,6.676341737
ZCTA5 77968,847,252300,76083,77968,TRUE,8.198949645,8.717333973,2.603294362,6.675768358
ZCTA5 75638,955,111000,66579,75638,TRUE,7.865307383,9.564253177,2.199090712,6.67512612
ZCTA5 77856,945,318400,94785,77856,TRUE,7.896200185,8.321146008,3.398687529,6.674430135
ZCTA5 79843,477,289300,45263,79843,TRUE,9.341983318,8.495564613,1.292524529,6.67322007
ZCTA5 78141,771,75700,43553,78141,TRUE,8.43373494,9.775833134,1.219798494,6.672183464
ZCTA5 75416,920,202500,75735,75416,TRUE,7.97343219,9.015823544,2.588493976,6.670668132
ZCTA5 78516,806,121200,53229,78516,TRUE,8.325610133,9.503116759,1.631317277,6.670574264
ZCTA5 78026,993,172800,78501,78026,TRUE,7.747914736,9.193838408,2.706131528,6.669156875
ZCTA5 79764,898,143500,65170,79764,TRUE,8.041396355,9.369455766,2.13916616,6.66914512
ZCTA5 76635,852,153300,62031,76635,TRUE,8.183503244,9.310716854,2.005664975,6.668315846
ZCTA5 77461,999,275300,93446,77461,TRUE,7.729379055,8.579477344,3.341740066,6.668116845
ZCTA5 76890,850,158000,62411,76890,TRUE,8.189681804,9.282546152,2.021826317,6.667184462
ZCTA5 78055,929,266500,85345,78055,TRUE,7.945628669,8.632222489,2.997205789,6.667079951
ZCTA5 79363,1124,210100,96128,79363,TRUE,7.34321903,8.970270918,3.455805111,6.665110421
ZCTA5 78393,1009,155100,77014,78393,TRUE,7.698486253,9.299928075,2.642889648,6.662239818
ZCTA5 75935,786,111500,49239,75935,TRUE,8.387395737,9.561256293,1.461623194,6.661822141
ZCTA5 76446,765,185500,57583,76446,TRUE,8.452270621,9.117717574,1.816492223,6.661171188
ZCTA5 75559,828,147400,58313,75559,TRUE,8.257645968,9.346080077,1.847539011,6.661144114
ZCTA5 77371,1020,195000,83594,77371,TRUE,7.664504171,9.060776792,2.92273603,6.660855515
ZCTA5 75414,981,246700,86993,75414,TRUE,7.784986098,8.750899065,3.067294974,6.659452651
ZCTA5 75668,752,81700,41495,75668,TRUE,8.492431264,9.739870535,1.132272072,6.658615287
ZCTA5 77331,729,246200,62321,77331,TRUE,8.563484708,8.753895948,2.017998631,6.656962257
ZCTA5 77880,988,270800,90856,77880,TRUE,7.763361137,8.606449293,3.231587767,6.656755573
ZCTA5 76379,955,148300,70313,76379,TRUE,7.865307383,9.340685687,2.357897154,6.655697806
ZCTA5 76570,735,86100,40000,76570,TRUE,8.544949027,9.713497962,1.068689953,6.652635985
ZCTA5 76864,771,172100,55598,76864,TRUE,8.43373494,9.198034045,1.73207048,6.652525333
ZCTA5 79005,946,155900,70223,79005,TRUE,7.893110905,9.295133062,2.354069468,6.652005121
ZCTA5 75949,953,100400,63047,75949,TRUE,7.871485944,9.627787101,2.048875298,6.651593097
ZCTA5 75939,665,177600,46014,75939,TRUE,8.761198641,9.165068329,1.324464443,6.651339288
ZCTA5 77963,765,185900,56804,77963,TRUE,8.452270621,9.115320067,1.783361474,6.650512711
ZCTA5 76637,943,223800,79375,76637,TRUE,7.902378746,8.888156317,2.743302613,6.650389177
ZCTA5 78140,845,85200,50250,78140,TRUE,8.205128205,9.718892352,1.504620868,6.649105248
ZCTA5 75462,929,250200,81563,75462,TRUE,7.945628669,8.729920882,2.836357914,6.648135106
ZCTA5 78609,651,319700,64418,78609,TRUE,8.804448563,8.313354112,2.107183716,6.647940774
ZCTA5 76634,915,211500,74694,76634,TRUE,7.988878591,8.961879645,2.544220407,6.647381452
ZCTA5 78586,796,87200,45575,78586,TRUE,8.356502935,9.706904819,1.305793841,6.646410772
ZCTA5 76856,800,292400,74677,76856,TRUE,8.344145814,8.476983937,2.543497399,6.643802726
ZCTA5 79031,766,96600,43750,79031,TRUE,8.449181341,9.650563414,1.228176873,6.643294622
ZCTA5 79086,984,137700,70648,79086,TRUE,7.775718258,9.404219612,2.372144653,6.643196582
ZCTA5 76825,794,148800,53665,76825,TRUE,8.362681495,9.337688804,1.649860289,6.641337326
ZCTA5 78582,747,102800,42626,78582,TRUE,8.507877665,9.613402062,1.180373327,6.641283682
ZCTA5 75163,794,198200,60462,75163,TRUE,8.362681495,9.041596739,1.938935648,6.639232314
ZCTA5 76823,825,139600,55156,76823,TRUE,8.266913809,9.392831455,1.713272289,6.638596647
ZCTA5 76255,796,164400,55841,76255,TRUE,8.356502935,9.244186047,1.742405233,6.638578558
ZCTA5 76450,956,192900,75258,76450,TRUE,7.862218103,9.073363702,2.568207239,6.637358524
ZCTA5 75693,1193,222400,102146,75693,TRUE,7.130058696,8.896547591,3.71174972,6.634512672
ZCTA5 78537,763,81900,40668,78537,TRUE,8.458449181,9.738671781,1.09709989,6.634111174
ZCTA5 79039,1036,105000,70357,79039,TRUE,7.615075687,9.600215776,2.359768468,6.634025548
ZCTA5 79745,1071,154100,80585,79745,TRUE,7.50695088,9.305921841,2.794763725,6.632986022
ZCTA5 78870,836,128600,54167,78870,TRUE,8.232931727,9.458762887,1.671210272,6.632164638
ZCTA5 78560,879,111600,55721,78560,TRUE,8.100092678,9.560656917,1.737301651,6.629424642
ZCTA5 78557,842,163600,59441,78557,TRUE,8.214396046,9.24898106,1.895512676,6.629106539
ZCTA5 79009,973,116300,65333,79009,TRUE,7.80970034,9.532486214,2.146098525,6.627455558
ZCTA5 79356,830,79900,46351,79356,TRUE,8.251467408,9.750659314,1.338797001,6.627423858
ZCTA5 79013,816,81500,45106,79013,TRUE,8.294717331,9.741069288,1.285847343,6.625961922
ZCTA5 77990,1170,54200,75417,77990,TRUE,7.201112141,9.904699113,2.574969485,6.624345436
ZCTA5 77420,840,226400,67697,77420,TRUE,8.220574606,8.872572525,2.246639079,6.623993324
ZCTA5 78101,1132,335500,111280,78101,TRUE,7.318504788,8.218652601,4.100217328,6.623062894
ZCTA5 78663,1688,356800,168125,78663,TRUE,5.600864998,8.090985375,6.517826385,6.622989527
ZCTA5 79045,927,116500,60543,79045,TRUE,7.951807229,9.531287461,1.942380566,6.6228233
ZCTA5 75770,986,239200,83542,75770,TRUE,7.769539697,8.795852314,2.920524478,6.622728916
ZCTA5 76639,748,154400,48514,76639,TRUE,8.504788384,9.304123711,1.430789056,6.622389184
ZCTA5 79019,993,172500,74750,79019,TRUE,7.747914736,9.195636538,2.546602078,6.621837479
ZCTA5 78569,911,117000,58950,78569,TRUE,8.001235712,9.528290578,1.874630522,6.621370615
ZCTA5 75643,879,142000,59342,75643,TRUE,8.100092678,9.378446416,1.891302221,6.620961662
ZCTA5 75496,850,200900,64808,75496,TRUE,8.189681804,9.02541357,2.123770356,6.620627899
ZCTA5 78584,636,81400,27056,78584,TRUE,8.850787766,9.741668665,0.518183635,6.618270797
ZCTA5 77657,1091,256100,95718,77657,TRUE,7.445165276,8.69455766,3.438367875,6.617943771
ZCTA5 77954,887,187200,66195,77954,TRUE,8.075378437,9.107528171,2.182759251,6.617237601
ZCTA5 79377,725,144100,44000,79377,TRUE,8.575841829,9.365859506,1.238809334,6.611737384
ZCTA5 75472,878,164600,61694,75472,TRUE,8.103181959,9.242987293,1.991332418,6.611568697
ZCTA5 76463,850,163200,58750,76463,TRUE,8.189681804,9.251378566,1.866124553,6.611123657
ZCTA5 75491,941,247300,79386,75491,TRUE,7.908557306,8.747302805,2.743770441,6.610744896
ZCTA5 78574,836,129900,52393,78574,TRUE,8.232931727,9.45097099,1.595762326,6.607192686
ZCTA5 78596,936,104000,58411,78596,TRUE,7.924003707,9.606209542,1.851706935,6.606976426
ZCTA5 78548,791,54400,37308,78548,TRUE,8.371949336,9.90350036,0.95419961,6.606089725
ZCTA5 79027,878,90900,50865,79027,TRUE,8.103181959,9.684727883,1.530776723,6.605924165
ZCTA5 79530,1100,88300,71979,79530,TRUE,7.417361755,9.700311676,2.428751877,6.605663768
ZCTA5 75182,1422,565300,170348,75182,TRUE,6.422613531,6.841285064,6.612370231,6.605142001
ZCTA5 79065,934,110000,58912,79065,TRUE,7.930182268,9.570246943,1.873014388,6.605051306
ZCTA5 75148,899,203000,68569,75148,TRUE,8.038307074,9.01282666,2.283725104,6.604288359
ZCTA5 76354,964,159900,68721,76354,TRUE,7.837503862,9.271157996,2.290189641,6.603405836
ZCTA5 75436,1125,201400,90043,75436,TRUE,7.34012975,9.022416687,3.197011002,6.601880207
ZCTA5 77515,1076,226200,88787,77515,TRUE,7.491504479,8.873771278,3.143593517,6.60181123
ZCTA5 76437,947,117500,60923,76437,TRUE,7.890021625,9.525293695,1.958541907,6.60115933
ZCTA5 75844,880,160100,60376,75844,TRUE,8.097003398,9.269959242,1.935278081,6.600372556
ZCTA5 75692,928,152300,63904,75692,TRUE,7.948717949,9.316710621,2.085323376,6.600097378
ZCTA5 79014,836,204300,62273,79014,TRUE,8.232931727,9.005034764,2.015957198,6.599470279
ZCTA5 75493,863,105300,50893,75493,TRUE,8.149521162,9.598417646,1.531967558,6.598924026
ZCTA5 79201,913,124600,58438,79201,TRUE,7.995057152,9.482737953,1.852855241,6.598700819
ZCTA5 79922,1076,350200,106003,79922,TRUE,7.491504479,8.130544234,3.875787334,6.598501262
ZCTA5 78566,891,154300,60187,78566,TRUE,8.063021316,9.304723088,1.927239941,6.594797435
ZCTA5 76951,952,147000,64954,76951,TRUE,7.874575224,9.348477583,2.129979713,6.593367279
ZCTA5 78570,803,86500,41965,78570,TRUE,8.334877973,9.711100456,1.152261099,6.592959656
ZCTA5 76629,935,211000,72262,76629,TRUE,7.927092987,8.964876528,2.440787823,6.5925365
ZCTA5 75572,772,134200,45625,75572,TRUE,8.43064566,9.425197794,1.307920333,6.592193702
ZCTA5 78069,1111,114300,75625,78069,TRUE,7.383379673,9.544473747,2.583815693,6.591838701
ZCTA5 78941,1004,194200,76477,78941,TRUE,7.713932654,9.065571805,2.620051121,6.591259939
ZCTA5 75662,968,173900,70096,75662,TRUE,7.825146741,9.187245265,2.348668178,6.590832729
ZCTA5 75554,738,166900,46750,75554,TRUE,8.535681186,9.22920163,1.355766409,6.589762886
ZCTA5 76642,866,189000,62243,76642,TRUE,8.140253321,9.096739391,2.014681303,6.589527536
ZCTA5 78578,749,196200,51880,78578,TRUE,8.501699104,9.053584272,1.573944516,6.588938278
ZCTA5 79092,1101,176700,83068,79092,TRUE,7.414272475,9.170462719,2.900365331,6.586957405
ZCTA5 75551,932,160000,64248,75551,TRUE,7.936360828,9.270558619,2.099953642,6.58569801
ZCTA5 75423,748,252900,59375,75423,TRUE,8.504788384,8.713737713,1.892705706,6.583848379
ZCTA5 79553,896,69500,47839,79553,TRUE,8.047574915,9.812994486,1.402081411,6.583552735
ZCTA5 79096,963,160600,67165,79096,TRUE,7.840593142,9.266962359,2.224013201,6.583529925
ZCTA5 75479,971,209500,74803,75479,TRUE,7.8158789,8.973867178,2.54885616,6.583168561
ZCTA5 75684,868,156100,57273,75684,TRUE,8.134074761,9.293934308,1.803307971,6.582802588
ZCTA5 75833,960,179500,69338,75833,TRUE,7.849860982,9.153680173,2.316430555,6.580977611
ZCTA5 76384,928,89700,53564,76384,TRUE,7.948717949,9.691920403,1.645564775,6.580732733
ZCTA5 77659,1299,241100,110590,77659,TRUE,6.802594995,8.784464157,4.070871734,6.577638766
ZCTA5 79772,988,120400,63347,79772,TRUE,7.763361137,9.507911772,2.061634252,6.576208262
ZCTA5 79367,869,83200,46458,79367,TRUE,8.13098548,9.730879885,1.343347694,6.574662466
ZCTA5 78341,867,76100,45259,78341,TRUE,8.137164041,9.773435627,1.29235441,6.574602627
ZCTA5 78061,983,103400,60247,78061,TRUE,7.778807538,9.609805802,1.929791731,6.573402275
ZCTA5 79036,1250,132300,90170,79036,TRUE,6.953969725,9.436585951,3.202412293,6.573287363
ZCTA5 78543,844,87800,44527,78543,TRUE,8.208217485,9.703308559,1.261222563,6.572646331
ZCTA5 76641,1108,166300,81094,76641,TRUE,7.392647513,9.23279789,2.816411417,6.571821797
ZCTA5 78542,865,150200,55243,78542,TRUE,8.143342601,9.329297531,1.716972385,6.571218015
ZCTA5 77517,971,314100,88567,77517,TRUE,7.8158789,8.346919204,3.134236951,6.570698407
ZCTA5 75494,839,199100,59539,75494,TRUE,8.223663886,9.03620235,1.899680601,6.57023044
ZCTA5 76310,1036,224600,82183,76310,TRUE,7.615075687,8.883361304,2.862726418,6.569856592
ZCTA5 79108,966,163200,66676,79108,TRUE,7.831325301,9.251378566,2.203216107,6.568908522
ZCTA5 75969,1120,180800,84063,75969,TRUE,7.355576151,9.145888276,2.942682527,6.568801701
ZCTA5 78629,829,206700,59521,78629,TRUE,8.254556688,8.990649724,1.898915064,6.568692112
ZCTA5 75021,1096,190500,83067,75021,TRUE,7.429718876,9.087748741,2.900322802,6.568309013
ZCTA5 76442,915,150300,59853,76442,TRUE,7.988878591,9.328698154,1.913034972,6.568071374
ZCTA5 76470,806,81100,39434,76470,TRUE,8.325610133,9.743466795,1.044618061,6.56666951
ZCTA5 76272,829,362100,81174,76272,TRUE,8.254556688,8.059218413,2.819813804,6.56553234
ZCTA5 79851,1000,62600,55500,79851,TRUE,7.726289774,9.854351474,1.727902556,6.565192119
ZCTA5 79563,933,64600,49276,79563,TRUE,7.933271548,9.842363942,1.463196798,6.564976841
ZCTA5 76301,843,74800,41947,76301,TRUE,8.211306766,9.781227523,1.151495562,6.564339632
ZCTA5 79035,1034,158600,72202,79035,TRUE,7.621254248,9.278949892,2.438236032,6.563657476
ZCTA5 77905,1103,227500,88585,77905,TRUE,7.408093914,8.865979381,3.135002488,6.563532126
ZCTA5 78593,898,85100,48649,78593,TRUE,8.041396355,9.719491729,1.436530585,6.563365236
ZCTA5 75862,877,124200,52017,75862,TRUE,8.106271239,9.485135459,1.579771104,6.561980465
ZCTA5 76520,954,162100,64800,76520,TRUE,7.868396664,9.257971709,2.123430117,6.561779213
ZCTA5 78071,915,158500,60500,78071,TRUE,7.988878591,9.279549269,1.940551782,6.561581752
ZCTA5 79088,771,82800,35804,79088,TRUE,8.43373494,9.733277392,0.890234722,6.56054761
ZCTA5 76228,988,171200,69250,76228,TRUE,7.763361137,9.203428434,2.312687929,6.560179364
ZCTA5 75973,1024,130800,67023,75973,TRUE,7.65214705,9.4455766,2.217973963,6.559923989
ZCTA5 78370,984,176700,69570,78370,TRUE,7.775718258,9.170462719,2.326297479,6.559315362
ZCTA5 76821,1013,112900,63380,76821,TRUE,7.686129132,9.55286502,2.063037737,6.55922248
ZCTA5 75785,955,165000,65000,75785,TRUE,7.865307383,9.240589787,2.131936086,6.557880715
ZCTA5 79072,846,114000,47255,79072,TRUE,8.202038925,9.546271877,1.377243981,6.557870327
ZCTA5 79316,818,103900,43063,79316,TRUE,8.28853877,9.606808919,1.198958869,6.557145845
ZCTA5 79364,980,89300,56538,79364,TRUE,7.788075378,9.694317909,1.772048535,6.555140085
ZCTA5 79043,1037,60200,57956,79043,TRUE,7.611986407,9.868736514,1.832355856,6.555122274
ZCTA5 75946,908,151800,58177,75946,TRUE,8.010503553,9.319707504,1.841754952,6.552640158
ZCTA5 76427,1082,153600,75191,76427,TRUE,7.472968798,9.308918725,2.56535774,6.551470459
ZCTA5 78147,950,225000,72404,78147,TRUE,7.880753784,8.880963798,2.446827061,6.550638771
ZCTA5 77625,1047,145300,70517,77625,TRUE,7.581093605,9.358666986,2.366573243,6.550009511
ZCTA5 79556,903,94900,49393,79556,TRUE,8.025949954,9.660752817,1.46817279,6.549057664
ZCTA5 78535,778,107300,39000,78535,TRUE,8.412109978,9.586430113,1.026160108,6.548621058
ZCTA5 75706,973,135400,61687,75706,TRUE,7.80970034,9.418005275,1.991034709,6.546592131
ZCTA5 79901,555,91400,14872,79901,TRUE,9.101019462,9.681731,0,6.544927085
ZCTA5 76050,1017,273600,85194,76050,TRUE,7.673772011,8.589666747,2.990783783,6.543643963
ZCTA5 75144,940,168800,62949,75144,TRUE,7.911646586,9.217813474,2.044707373,6.543414889
ZCTA5 78022,864,171100,55895,78022,TRUE,8.146431881,9.204027811,1.744701845,6.543191649
ZCTA5 79015,990,280400,83445,79015,TRUE,7.757182576,8.548909135,2.916399083,6.542465496
ZCTA5 76648,909,132000,54669,76648,TRUE,8.007414272,9.438384081,1.692560254,6.542249009
ZCTA5 77535,1082,225200,84497,77535,TRUE,7.472968798,8.879765044,2.96114048,6.541459177
ZCTA5 75652,988,182000,69250,75652,TRUE,7.763361137,9.138695756,2.312687929,6.54075956
ZCTA5 78121,1192,402600,120048,78121,TRUE,7.133147977,7.81647087,4.473119011,6.540136155
ZCTA5 77656,1016,114000,62303,77656,TRUE,7.676861291,9.546271877,2.017233093,6.539796008
ZCTA5 79339,1048,79000,60375,79339,TRUE,7.578004325,9.756053704,1.935235552,6.538588507
ZCTA5 75846,906,204100,64250,75846,TRUE,8.016682113,9.006233517,2.100038702,6.538554511
ZCTA5 76433,1181,395000,117702,76433,TRUE,7.167130059,7.862023496,4.373343994,6.53746227
ZCTA5 75951,904,128100,53147,75951,TRUE,8.022860673,9.46175977,1.62782983,6.536021149
ZCTA5 75561,988,119500,60047,75561,TRUE,7.763361137,9.513306162,1.921285762,6.535722032
ZCTA5 75773,785,245600,58138,75773,TRUE,8.390485017,8.757492208,1.840096288,6.535470555
ZCTA5 77964,899,238300,68056,77964,TRUE,8.038307074,8.801246703,2.261907293,6.534269029
ZCTA5 79720,1032,152500,68785,79720,TRUE,7.627432808,9.315511868,2.292911551,6.533500149
ZCTA5 76801,885,150400,54231,76801,TRUE,8.081556997,9.328098777,1.673932182,6.533232087
ZCTA5 76693,867,176100,55645,76693,TRUE,8.137164041,9.174058979,1.734069383,6.527304125
ZCTA5 79830,902,229400,66546,79830,TRUE,8.029039234,8.854591225,2.197687227,6.527299229
ZCTA5 77836,1017,215100,75625,77836,TRUE,7.673772011,8.940302086,2.583815693,6.526744138
ZCTA5 79855,1043,79300,58910,79855,TRUE,7.593450726,9.754255574,1.872929328,6.525535761
ZCTA5 75763,1033,163200,69756,75763,TRUE,7.624343528,9.251378566,2.33420803,6.52541339
ZCTA5 75433,1137,207600,86042,75433,TRUE,7.303058387,8.985255334,3.026849091,6.524854683
ZCTA5 78589,937,120400,54285,78589,TRUE,7.920914427,9.507911772,1.676228794,6.52360794
ZCTA5 78840,995,164600,66084,78840,TRUE,7.741736175,9.242987293,2.178038438,6.52300219
ZCTA5 75124,1019,240800,79083,75124,TRUE,7.667593451,8.786262287,2.730883898,6.522181236
ZCTA5 76692,877,169100,55149,76692,TRUE,8.106271239,9.216015344,1.71297458,6.521205473
ZCTA5 77613,1028,190100,72667,77613,TRUE,7.639789929,9.090146248,2.45801241,6.520363569
ZCTA5 75831,920,117500,51935,75831,TRUE,7.97343219,9.525293695,1.576283657,6.519846082
ZCTA5 76528,954,226900,70558,76528,TRUE,7.868396664,8.869575641,2.368316966,6.518726448
ZCTA5 78572,902,147300,54298,78572,TRUE,8.029039234,9.346679453,1.676781682,6.518654034
ZCTA5 75943,870,219100,61302,75943,TRUE,8.1278962,8.91632702,1.974660718,6.518454801
ZCTA5 76458,843,259000,64297,76458,TRUE,8.211306766,8.677175737,2.102037605,6.518286709
ZCTA5 76550,1018,241600,78578,76550,TRUE,7.670682731,8.781467274,2.709406326,6.515535172
ZCTA5 78114,1042,292600,88087,78114,TRUE,7.596540006,8.475785183,3.113822625,6.515498345
ZCTA5 78368,900,95300,46486,78368,TRUE,8.035217794,9.65835531,1.34453853,6.51495527
ZCTA5 79064,1045,89500,59698,79064,TRUE,7.587272166,9.693119156,1.906442846,6.514777467
ZCTA5 77486,983,240200,74857,77486,TRUE,7.778807538,8.789858547,2.551152771,6.513826411
ZCTA5 78520,865,146000,50116,78520,TRUE,8.143342601,9.35447135,1.498921868,6.513355006
ZCTA5 75964,957,130900,56762,75964,TRUE,7.859128823,9.444977224,1.78157522,6.511617262
ZCTA5 75765,888,204600,60317,75765,TRUE,8.072289157,9.003236634,1.932768821,6.509717299
ZCTA5 77705,930,135900,54633,77705,TRUE,7.942539388,9.415008391,1.69102918,6.508827027
ZCTA5 79905,674,106800,25721,79905,TRUE,8.733395119,9.589426996,0.461406292,6.508608034
ZCTA5 79022,1060,172000,72286,79022,TRUE,7.540932963,9.198633421,2.441808539,6.508505773
ZCTA5 78834,845,87700,39477,78834,TRUE,8.205128205,9.703907936,1.046446844,6.507157716
ZCTA5 76225,991,305800,84336,76225,TRUE,7.754093296,8.396667466,2.954293175,6.506925511
ZCTA5 77437,1042,184700,72200,77437,TRUE,7.596540006,9.122512587,2.438150972,6.50681507
ZCTA5 76682,1147,197400,84148,76682,TRUE,7.272165585,9.046391753,2.946297564,6.506673029
ZCTA5 75569,895,170200,55884,75569,TRUE,8.050664195,9.209422201,1.744234016,6.506362543
ZCTA5 76561,948,165700,60357,76561,TRUE,7.886932345,9.23639415,1.934470014,6.506032187
ZCTA5 75158,1174,293600,100263,75158,TRUE,7.18875502,8.469791417,3.631666022,6.50593924
ZCTA5 75835,869,172200,53611,75835,TRUE,8.13098548,9.197434668,1.647563678,6.505893696
ZCTA5 75657,913,113200,49466,75657,TRUE,7.995057152,9.55106689,1.471277469,6.504726168
ZCTA5 79256,877,65800,39231,79256,TRUE,8.106271239,9.835171422,1.035984502,6.503855273
ZCTA5 77962,1075,240100,82940,77962,TRUE,7.49459376,8.790457924,2.894921511,6.503451334
ZCTA5 79042,1081,148500,70590,79042,TRUE,7.476058078,9.339486934,2.369677921,6.503172688
ZCTA5 79549,1018,112000,59147,79549,TRUE,7.670682731,9.55825941,1.883008901,6.500653586
ZCTA5 76531,894,126300,49100,76531,TRUE,8.053753475,9.47254855,1.455711546,6.499979419
ZCTA5 75169,1056,194500,74350,75169,TRUE,7.553290083,9.063773675,2.52959014,6.499325178
ZCTA5 79526,1229,143800,83843,79526,TRUE,7.018844609,9.367657636,2.933325961,6.497832923
ZCTA5 78852,859,157900,49954,78852,TRUE,8.161878282,9.283145529,1.492032033,6.497304582
ZCTA5 79124,1208,362300,112541,79124,TRUE,7.083719493,8.05801966,4.153847462,6.497047934
ZCTA5 77577,938,253000,70938,77577,TRUE,7.917825147,8.713138336,2.384478308,6.496415052
ZCTA5 78521,889,99700,44509,78521,TRUE,8.069199876,9.631982738,1.260457026,6.49541188
ZCTA5 75438,1273,238000,101125,75438,TRUE,6.882916281,8.803044833,3.668326748,6.494577987
ZCTA5 76522,1051,185800,72206,76522,TRUE,7.568736484,9.115919444,2.438406152,6.493792272
ZCTA5 78361,824,129400,42211,78361,TRUE,8.270003089,9.453967873,1.162723441,6.49300863
ZCTA5 75840,878,206200,58224,75840,TRUE,8.103181959,8.993646608,1.843753854,6.492492922
ZCTA5 75630,865,156300,49677,75630,TRUE,8.143342601,9.292735555,1.480251266,6.489233087
ZCTA5 79029,1013,161900,64652,79029,TRUE,7.686129132,9.259170463,2.1171357,6.487343502
ZCTA5 79109,986,222900,70435,79109,TRUE,7.769539697,8.893550707,2.363085795,6.48480683
ZCTA5 78390,1196,135700,78367,78390,TRUE,7.120790856,9.416207145,2.700432529,6.483308244
ZCTA5 78550,900,131100,49007,78550,TRUE,8.035217794,9.44377847,1.45175627,6.48274754
ZCTA5 75702,950,115200,51564,75702,TRUE,7.880753784,9.539079357,1.560505084,6.482176846
ZCTA5 76687,973,254500,73323,76687,TRUE,7.80970034,8.704147686,2.485911989,6.480898038
ZCTA5 79079,981,92500,51250,79079,TRUE,7.784986098,9.675137857,1.547150713,6.48068101
ZCTA5 78599,1007,125400,58349,78599,TRUE,7.704664813,9.477942939,1.849070085,6.479969833
ZCTA5 76302,962,165800,59590,76302,TRUE,7.843682422,9.235794773,1.901849623,6.478766288
ZCTA5 76483,1022,79400,53214,76483,TRUE,7.65832561,9.753656198,1.630679329,6.478630902
ZCTA5 75654,1057,173400,69848,75654,TRUE,7.550200803,9.190242148,2.338120776,6.478589199
ZCTA5 78332,947,107500,49887,78332,TRUE,7.890021625,9.585231359,1.489182534,6.478332818
ZCTA5 76567,993,218700,69983,76567,TRUE,7.747914736,8.918724526,2.343862305,6.477941944
ZCTA5 76578,1177,341300,105063,76578,TRUE,7.179487179,8.183888756,3.835809279,6.477704282
ZCTA5 77327,994,163200,62219,77327,TRUE,7.744825456,9.251378566,2.013660586,6.477441928
ZCTA5 77632,1083,189300,74418,77632,TRUE,7.469879518,9.094941261,2.532482169,6.476178836
ZCTA5 79706,1247,316400,108059,79706,TRUE,6.963237566,8.333133541,3.963228696,6.474203697
ZCTA5 78024,954,500000,105381,78024,TRUE,7.868396664,7.232678015,3.84933377,6.471962201
ZCTA5 79766,1158,140800,74407,79766,TRUE,7.238183503,9.385638936,2.532014341,6.470569384
ZCTA5 75932,1070,107400,61161,75932,TRUE,7.510040161,9.585830736,1.96866401,6.470364488
ZCTA5 76933,935,157500,55104,76933,TRUE,7.927092987,9.285543035,1.711060737,6.469818327
ZCTA5 77701,981,84000,49181,77701,TRUE,7.784986098,9.726084872,1.459156463,6.46956684
ZCTA5 76306,921,111600,46957,76306,TRUE,7.97034291,9.560656917,1.364570087,6.465705265
ZCTA5 79052,815,99800,34922,79052,TRUE,8.297806611,9.631383361,0.852723399,6.464354672
ZCTA5 75455,908,186900,56163,75455,TRUE,8.010503553,9.109326301,1.756099843,6.463829264
ZCTA5 78372,904,161900,52237,78372,TRUE,8.022860673,9.259170463,1.58912767,6.463633709
ZCTA5 77306,1137,174100,76257,77306,TRUE,7.303058387,9.186046512,2.610694555,6.460245675
ZCTA5 77830,1153,350000,102557,77830,TRUE,7.253629904,8.131742987,3.729229487,6.459743704
ZCTA5 76557,1154,232400,86056,76557,TRUE,7.250540624,8.836609926,3.027444509,6.45943258
ZCTA5 75766,908,156000,51394,75766,TRUE,8.010503553,9.294533685,1.553275011,6.45854403
ZCTA5 79835,923,109300,45924,79835,TRUE,7.96416435,9.57444258,1.320636757,6.454189541
ZCTA5 78934,869,234500,58302,78934,TRUE,8.13098548,8.824023016,1.847071182,6.453722452
ZCTA5 75661,811,158500,41929,75661,TRUE,8.310163732,9.279549269,1.150730025,6.453149281
ZCTA5 76645,978,199100,63737,76645,TRUE,7.794253939,9.03620235,2.078220892,6.452028548
ZCTA5 75672,1089,172400,70610,75672,TRUE,7.451343837,9.196235915,2.370528518,6.450566865
ZCTA5 76660,869,174300,49375,76660,TRUE,8.13098548,9.184847758,1.467407253,6.448070696
ZCTA5 76066,1257,358200,112733,76066,TRUE,6.932344764,8.082594102,4.162013193,6.446320094
ZCTA5 75601,987,210500,65700,75601,TRUE,7.766450417,8.967873412,2.161706978,6.445454284
ZCTA5 79849,919,109800,44831,79849,TRUE,7.97652147,9.571445696,1.274151636,6.444287788
ZCTA5 79081,1109,147700,68542,79081,TRUE,7.389558233,9.344281947,2.282576798,6.443880917
ZCTA5 75428,913,162500,51424,75428,TRUE,7.995057152,9.255574203,1.554550906,6.441060393
ZCTA5 77651,1095,253200,81637,77651,TRUE,7.432808156,8.711939583,2.839505123,6.438556674
ZCTA5 78606,963,437600,94817,78606,TRUE,7.840593142,7.606689043,3.400048484,6.438258515
ZCTA5 78063,1044,304700,83914,78063,TRUE,7.590361446,8.403260609,2.936345581,6.438026435
ZCTA5 77351,1021,199700,66834,77351,TRUE,7.66141489,9.03260609,2.209935822,6.43732853
ZCTA5 76691,1064,304500,85694,76691,TRUE,7.528575842,8.404459362,3.012048705,6.436382757
ZCTA5 75855,830,186000,45962,75855,TRUE,8.251467408,9.11472069,1.322252891,6.431679038
ZCTA5 76501,1021,172500,62532,76501,TRUE,7.66141489,9.195636538,2.026972428,6.431348646
ZCTA5 76457,988,264100,72238,76457,TRUE,7.763361137,8.646607528,2.439767107,6.431256845
ZCTA5 76448,952,183000,57122,76448,TRUE,7.874575224,9.13270199,1.796885965,6.428706476
ZCTA5 79902,808,238500,50873,79902,TRUE,8.319431572,8.80004795,1.531116961,6.427122102
ZCTA5 75140,955,169200,55338,75140,TRUE,7.865307383,9.215415967,1.721012721,6.42705156
ZCTA5 77868,1019,214800,67890,77868,TRUE,7.667593451,8.942100216,2.254847339,6.426121647
ZCTA5 78102,1078,111000,58939,78102,TRUE,7.485325919,9.564253177,1.874162694,6.425655129
ZCTA5 76877,944,165400,53500,76877,TRUE,7.899289466,9.23819228,1.642842865,6.42402633
ZCTA5 78065,980,167300,57200,78065,TRUE,7.788075378,9.226804124,1.800203293,6.423332376
ZCTA5 76670,938,216900,60104,76670,TRUE,7.917825147,8.929513306,1.923709963,6.42309704
ZCTA5 77995,920,188600,54298,77995,TRUE,7.97343219,9.099136898,1.676781682,6.42214845
ZCTA5 79119,1283,366000,114432,79119,TRUE,6.852023479,8.035842724,4.2342714,6.421843628
ZCTA5 76073,1194,336000,101563,76073,TRUE,7.126969416,8.215655718,3.686954821,6.421570928
ZCTA5 77575,953,186300,57056,77575,TRUE,7.871485944,9.112922561,1.794078995,6.420694844
ZCTA5 78526,1095,185000,70565,78526,TRUE,7.432808156,9.120714457,2.368614675,6.419922002
ZCTA5 79104,912,94400,39920,79104,TRUE,7.998146432,9.6637497,1.065287566,6.417969753
ZCTA5 75670,912,112300,42386,75670,TRUE,7.998146432,9.55646128,1.170166164,6.417246806
ZCTA5 75644,996,163000,57633,75644,TRUE,7.738646895,9.25257732,1.818618716,6.416817569
ZCTA5 75439,1078,155400,64500,75439,TRUE,7.485325919,9.298129945,2.110671163,6.4167707
ZCTA5 78552,1113,169300,69811,78552,TRUE,7.377201112,9.214816591,2.336547172,6.416289574
ZCTA5 79932,1058,267200,78277,79932,TRUE,7.547111523,8.628026852,2.696604842,6.416234118
ZCTA5 75647,1076,167700,65809,75647,TRUE,7.491504479,9.224406617,2.166342731,6.413826596
ZCTA5 76667,958,154700,52541,76667,TRUE,7.856039543,9.302325581,1.602056743,6.413730515
ZCTA5 78359,940,117700,45458,78359,TRUE,7.911646586,9.524094941,1.300817849,6.412132472
ZCTA5 76264,997,309500,77955,76264,TRUE,7.735557615,8.37449053,2.682910232,6.411443275
ZCTA5 78541,961,156700,52863,78541,TRUE,7.846771702,9.290338048,1.615751354,6.410535501
ZCTA5 75948,1013,187000,62028,75948,TRUE,7.686129132,9.108726924,2.005537386,6.408730946
ZCTA5 79424,1218,296300,97231,79424,TRUE,7.052826691,8.453608247,3.502715531,6.40802781
ZCTA5 78504,1173,218900,81905,78504,TRUE,7.1918443,8.917525773,2.850903121,6.407266388
ZCTA5 78380,971,165600,54769,78380,TRUE,7.8158789,9.236993527,1.696813239,6.40649359
ZCTA5 76308,1108,213500,74772,76308,TRUE,7.392647513,8.949892112,2.547537735,6.406287959
ZCTA5 79602,1211,248100,89551,79602,TRUE,7.074451653,8.742507792,3.176086319,6.405358894
ZCTA5 75501,925,136100,45995,75501,TRUE,7.957985789,9.413809638,1.323656376,6.40443412
ZCTA5 78363,1037,163300,60574,78363,TRUE,7.611986407,9.25077919,1.943698991,6.403138017
ZCTA5 75135,1326,324200,111235,75135,TRUE,6.71918443,8.286382163,4.098303484,6.403079466
ZCTA5 77422,1140,208000,76829,77422,TRUE,7.293790547,8.982857828,2.635021626,6.402880055
ZCTA5 77417,1160,184300,75405,77417,TRUE,7.232004943,9.124910094,2.574459127,6.402612743
ZCTA5 77414,1010,172000,59128,77414,TRUE,7.695396973,9.198633421,1.882200834,6.402409066
ZCTA5 77316,1304,431400,124055,77316,TRUE,6.787148594,7.643850396,4.643536101,6.401075387
ZCTA5 75109,1185,258400,88074,75109,TRUE,7.154772938,8.680771997,3.113269737,6.400121695
ZCTA5 76689,1140,217400,77863,76689,TRUE,7.293790547,8.926516423,2.678997486,6.399170392
ZCTA5 78387,959,166300,53048,78387,TRUE,7.852950263,9.23279789,1.623619375,6.398105285
ZCTA5 79915,841,123200,35432,79915,TRUE,8.217485326,9.491129226,0.87441362,6.396656984
ZCTA5 77642,948,104700,42950,77642,TRUE,7.886932345,9.602013906,1.194152997,6.393623009
ZCTA5 76273,1152,242300,82021,76273,TRUE,7.256719184,8.777271637,2.855836583,6.39262014
ZCTA5 75758,963,201200,57859,75758,TRUE,7.840593142,9.02361544,1.828230461,6.391791027
ZCTA5 78947,1068,319600,84649,78947,TRUE,7.516218721,8.313953488,2.967605017,6.39095504
ZCTA5 76240,1068,227100,71502,76240,TRUE,7.516218721,8.868376888,2.40846514,6.389540097
ZCTA5 79536,1198,136400,71131,79536,TRUE,7.114612295,9.412011508,2.392686568,6.387254341
ZCTA5 76671,940,190300,53715,76671,TRUE,7.911646586,9.088947495,1.651986782,6.386938917
ZCTA5 76455,1031,146700,56346,76455,TRUE,7.630522088,9.350275713,1.763882805,6.386456391
ZCTA5 79836,1104,115500,59003,79836,TRUE,7.405004634,9.537281228,1.876884604,6.386251603
ZCTA5 77957,1067,168800,62926,77957,TRUE,7.519308001,9.217813474,2.043729187,6.386185999
ZCTA5 75487,773,151100,31912,75487,TRUE,8.427556379,9.323903141,0.724708564,6.385606063
ZCTA5 79930,902,135000,42099,79930,TRUE,8.029039234,9.420402781,1.157960098,6.385124557
ZCTA5 78611,1035,319300,80938,78611,TRUE,7.618164968,8.315751618,2.809776761,6.384924501
ZCTA5 79821,1053,153000,59232,79821,TRUE,7.562557924,9.312514984,1.886623938,6.384764846
ZCTA5 75656,885,144500,41727,75656,TRUE,8.081556997,9.363462,1.142138996,6.384303098
ZCTA5 78041,978,221300,61544,78041,TRUE,7.794253939,8.903140734,1.984952941,6.384129678
ZCTA5 78577,1034,122100,52770,78577,TRUE,7.621254248,9.497722369,1.611796078,6.381357233
ZCTA5 75750,943,172300,50948,75750,TRUE,7.902378746,9.196835291,1.5343067,6.380294096
ZCTA5 78801,1005,152700,54161,78801,TRUE,7.710843373,9.314313114,1.670955093,6.379917812
ZCTA5 78832,1272,82000,70000,78832,TRUE,6.886005561,9.738072405,2.344585313,6.37919954
ZCTA5 78639,908,245500,57742,78639,TRUE,8.010503553,8.758091585,1.823254469,6.378605237
ZCTA5 79756,1133,160600,67468,79756,TRUE,7.315415508,9.266962359,2.236899744,6.377324834
ZCTA5 79907,931,117800,41617,79907,TRUE,7.939450108,9.523495565,1.137460713,6.374066927
ZCTA5 75602,1010,139700,52330,75602,TRUE,7.695396973,9.392232079,1.593082946,6.373753296
ZCTA5 75125,1157,231800,79545,75125,TRUE,7.241272783,8.840206186,2.750532686,6.373730775
ZCTA5 76655,1250,313100,99917,76655,TRUE,6.953969725,8.352912971,3.616950695,6.37254699
ZCTA5 75757,1215,275500,91165,75757,TRUE,7.062094532,8.57827859,3.244729489,6.371740237
ZCTA5 78573,1005,163600,55000,78573,TRUE,7.710843373,9.24898106,1.706637633,6.371022957
ZCTA5 76866,1021,163100,56429,76866,TRUE,7.66141489,9.251977943,1.767412782,6.370383174
ZCTA5 75156,987,218200,60867,75156,TRUE,7.766450417,8.92172141,1.956160235,6.36994466
ZCTA5 76705,1000,190600,58236,76705,TRUE,7.726289774,9.087149365,1.844264212,6.369939983
ZCTA5 77434,1229,129300,71705,77434,TRUE,7.018844609,9.45456725,2.417098699,6.369037628
ZCTA5 79763,1073,132500,56877,79763,TRUE,7.50077232,9.435387197,1.786466153,6.366864933
ZCTA5 77484,1103,284900,81250,77484,TRUE,7.408093914,8.521937185,2.823046073,6.366732543
ZCTA5 77455,1203,190600,77625,77455,TRUE,7.099165894,9.087149365,2.668875383,6.366473782
ZCTA5 75760,1150,124600,63182,75760,TRUE,7.262897745,9.482737953,2.054616827,6.366365532
ZCTA5 78559,1038,103800,49383,78559,TRUE,7.608897127,9.607408295,1.467747492,6.366105587
ZCTA5 77873,1101,285000,80938,77873,TRUE,7.414272475,8.521337809,2.809776761,6.365043361
ZCTA5 75448,1315,172800,85827,75448,TRUE,6.753166512,9.193838408,3.017705175,6.36472968
ZCTA5 77536,1349,264600,102045,77536,TRUE,6.648130985,8.643610645,3.707454206,6.364571849
ZCTA5 75751,1106,209400,70620,75751,TRUE,7.398826074,8.974466555,2.370953817,6.363156541
ZCTA5 75460,955,142600,46473,75460,TRUE,7.865307383,9.374850156,1.343985642,6.361773693
ZCTA5 79911,1453,342300,122713,79911,TRUE,6.326845845,8.177894989,4.586461049,6.360045149
ZCTA5 78945,969,340300,75446,78945,TRUE,7.822057461,8.189882522,2.57620285,6.358648596
ZCTA5 79106,1046,174400,59493,79106,TRUE,7.584182885,9.184248382,1.897724228,6.358264937
ZCTA5 76541,904,116300,37349,76541,TRUE,8.022860673,9.532486214,0.955943333,6.355673134
ZCTA5 79403,1060,84100,47907,79403,TRUE,7.540932963,9.725485495,1.40497344,6.355510866
ZCTA5 75418,1074,223700,68918,75418,TRUE,7.49768304,8.888755694,2.29856802,6.35527033
ZCTA5 78407,1037,98800,47688,78407,TRUE,7.611986407,9.637377128,1.395659404,6.354705522
ZCTA5 75604,1100,200600,67942,75604,TRUE,7.417361755,9.0272117,2.257058891,6.352225879
ZCTA5 79325,1194,163400,71771,79325,TRUE,7.126969416,9.250179813,2.419905669,6.351813411
ZCTA5 79603,1068,120900,53513,79603,TRUE,7.516218721,9.504914889,1.643395753,6.350980681
ZCTA5 75861,940,214000,54224,75861,TRUE,7.911646586,8.946895229,1.673634473,6.350817545
ZCTA5 78954,1141,427300,103750,78954,TRUE,7.290701267,7.668424838,3.779967592,6.350798236
ZCTA5 78043,1005,170600,54396,78043,TRUE,7.710843373,9.207024694,1.680949606,6.35072964
ZCTA5 78956,1031,248600,67903,78956,TRUE,7.630522088,8.739510909,2.255400227,6.350682176
ZCTA5 77510,1267,333100,102651,77510,TRUE,6.901451962,8.233037641,3.733227292,6.350460265
ZCTA5 77020,972,163300,50119,77020,TRUE,7.81278962,9.25077919,1.499049458,6.350064442
ZCTA5 77488,1078,163200,60327,77488,TRUE,7.485325919,9.251378566,1.933194119,6.349502173
ZCTA5 76250,1212,286700,90625,76250,TRUE,7.071362373,8.511148406,3.221763372,6.348418482
ZCTA5 76431,1308,194700,86875,76431,TRUE,6.774791474,9.062574922,3.062276453,6.347372002
ZCTA5 78040,895,118700,36092,78040,TRUE,8.050664195,9.518101175,0.902483318,6.346441026
ZCTA5 77418,1130,344400,90611,77418,TRUE,7.324683349,8.16530808,3.221167955,6.34581615
ZCTA5 79101,946,167600,47759,79101,TRUE,7.893110905,9.225005994,1.398679023,6.344349867
ZCTA5 76673,1188,115300,63750,76673,TRUE,7.145505097,9.538479981,2.078773779,6.343378167
ZCTA5 78539,1077,214500,66967,78539,TRUE,7.488415199,8.943898346,2.215592292,6.343213271
ZCTA5 77984,1346,213100,92656,77984,TRUE,6.657398826,8.952289619,3.308141488,6.341088863
ZCTA5 79927,1052,138400,53652,79927,TRUE,7.565647204,9.400023975,1.649307401,6.341058295
ZCTA5 76364,1794,84600,117928,76364,TRUE,5.273401297,9.722488612,4.382955739,6.340993824
ZCTA5 75752,1086,232900,70223,75752,TRUE,7.460611677,8.833613042,2.354069468,6.340549424
ZCTA5 79903,898,128400,37155,79903,TRUE,8.041396355,9.45996164,0.947692543,6.338854797
ZCTA5 78942,1088,255700,73429,78942,TRUE,7.454433117,8.696955167,2.490420152,6.337985843
ZCTA5 78059,1208,184100,74940,78059,TRUE,7.083719493,9.126108847,2.554682749,6.337725276
ZCTA5 75756,1156,267700,81619,75756,TRUE,7.244362064,8.625029969,2.838739586,6.336875692
ZCTA5 76630,1186,263700,83950,76630,TRUE,7.151683658,8.649005035,2.937876655,6.33673797
ZCTA5 77482,1005,205900,58103,77482,TRUE,7.710843373,8.995444737,1.838607743,6.334553094
ZCTA5 75645,1055,166900,57438,75645,TRUE,7.556379364,9.22920163,1.810325396,6.334409853
ZCTA5 77702,1147,137000,62125,77702,TRUE,7.272165585,9.408415248,2.009662781,6.334289643
ZCTA5 79605,1117,163600,62929,79605,TRUE,7.364843991,9.24898106,2.043856776,6.333788947
ZCTA5 75801,1041,173200,56787,75801,TRUE,7.599629286,9.191440901,1.782638467,6.332075525
ZCTA5 78501,969,161000,48071,78501,TRUE,7.822057461,9.264564853,1.411948335,6.33177694
ZCTA5 78575,1085,249500,71765,78575,TRUE,7.463700958,8.734116519,2.41965049,6.331610486
ZCTA5 78160,1023,243300,64800,78160,TRUE,7.65523633,8.771277871,2.123430117,6.330506928
ZCTA5 77901,1099,143200,57923,77901,TRUE,7.420451035,9.371253896,1.830952371,6.328842294
ZCTA5 75852,1151,214300,72847,75852,TRUE,7.259808465,8.945097099,2.465667782,6.32715285
ZCTA5 76571,1188,466100,111863,76571,TRUE,7.145505097,7.435866699,4.125012227,6.326465717
ZCTA5 75482,1099,231000,69970,75482,TRUE,7.420451035,8.845001199,2.343309417,6.324673599
ZCTA5 78408,1008,88400,41045,78408,TRUE,7.701575533,9.699712299,1.113133642,6.324483995
ZCTA5 79411,1010,133900,47634,79411,TRUE,7.695396973,9.426995924,1.393362792,6.324266404
ZCTA5 76238,1316,271900,96667,76238,TRUE,6.750077232,8.59985615,3.478728698,6.323606347
ZCTA5 78214,990,128800,44902,78214,TRUE,7.757182576,9.457564133,1.277171255,6.323293647
ZCTA5 76832,975,145300,45536,76832,TRUE,7.803521779,9.358666986,1.304135177,6.320249361
ZCTA5 76904,1146,285400,81833,76904,TRUE,7.275254866,8.518940302,2.847840972,6.320136329
ZCTA5 76309,1068,143400,54159,76309,TRUE,7.516218721,9.370055143,1.670870033,6.318765041
ZCTA5 78409,1087,172600,60089,78409,TRUE,7.457522397,9.195037161,1.923072016,6.318441712
ZCTA5 75422,1166,229400,75690,75422,TRUE,7.213469262,8.854591225,2.586580133,6.317739112
ZCTA5 78248,1369,479500,130552,78248,TRUE,6.586345382,7.355550228,4.919852506,6.317158973
ZCTA5 77320,998,203100,55663,77320,TRUE,7.732468335,9.012227284,1.73483492,6.317105995
ZCTA5 79928,1209,207900,76643,79928,TRUE,7.080630213,8.983457205,2.627111075,6.315422569
ZCTA5 78950,1304,247700,91354,78950,TRUE,6.787148594,8.744905298,3.25276763,6.314161316
ZCTA5 78009,1250,368700,103125,78009,TRUE,6.953969725,8.019659554,3.753386439,6.313501688
ZCTA5 79102,1028,153100,51125,79102,TRUE,7.639789929,9.311915608,1.541834482,6.312040999
ZCTA5 76230,1090,220600,66641,76230,TRUE,7.448254557,8.90733637,2.201727562,6.312021002
ZCTA5 78013,969,416300,82492,78013,TRUE,7.822057461,7.734356269,2.87586814,6.311890307
ZCTA5 79761,1187,166000,68228,79761,TRUE,7.148594378,9.23459602,2.269222427,6.310583285
ZCTA5 76577,1069,218400,64107,76577,TRUE,7.513129441,8.920522656,2.093956934,6.309595654
ZCTA5 78073,1214,158100,69635,78073,TRUE,7.065183812,9.281946775,2.329061919,6.309376133
ZCTA5 79415,962,96400,36468,79415,TRUE,7.843682422,9.651762167,0.91847454,6.308543981
ZCTA5 78948,875,316100,58889,78948,TRUE,8.112449799,8.334931671,1.872036201,6.307070281
ZCTA5 78207,907,106700,32472,78207,TRUE,8.013592833,9.590026373,0.748525278,6.307002628
ZCTA5 75471,1355,122000,77934,75471,TRUE,6.629595304,9.498321745,2.682017106,6.305939777
ZCTA5 78046,1086,150600,55826,78046,TRUE,7.460611677,9.326900024,1.741767285,6.304844864
ZCTA5 76487,1132,272000,77361,76487,TRUE,7.318504788,8.599256773,2.657647504,6.304473198
ZCTA5 77360,1115,163700,60402,77360,TRUE,7.371022552,9.248381683,1.936383857,6.303838683
ZCTA5 75783,1053,200100,59407,75783,TRUE,7.562557924,9.030208583,1.894066661,6.302305743
ZCTA5 75904,1084,185000,60205,75904,TRUE,7.466790238,9.120714457,1.928005478,6.301332076
ZCTA5 76548,1145,287800,80520,76548,TRUE,7.278344146,8.504555263,2.791999285,6.300304023
ZCTA5 78025,1105,248200,70964,78025,TRUE,7.401915354,8.741908415,2.385584084,6.299013891
ZCTA5 76579,1282,229700,85480,76579,TRUE,6.855112759,8.852793095,3.002947318,6.298767228
ZCTA5 76233,1067,250000,67516,76233,TRUE,7.519308001,8.731119636,2.238941177,6.298741444
ZCTA5 77372,1215,230700,79085,77372,TRUE,7.062094532,8.846799329,2.730968957,6.298168299
ZCTA5 77630,1145,174800,64373,77630,TRUE,7.278344146,9.181850875,2.105269873,6.297473883
ZCTA5 79924,1107,148500,56976,79924,TRUE,7.395736793,9.339486934,1.790676607,6.29734378
ZCTA5 75901,1128,177700,62966,75901,TRUE,7.330861909,9.164468952,2.045430381,6.295314564
ZCTA5 76067,1128,172200,62190,76067,TRUE,7.330861909,9.197434668,2.012427221,6.29530333
ZCTA5 75110,1076,174100,57370,75110,TRUE,7.491504479,9.186046512,1.807433366,6.294645755
ZCTA5 77485,945,224700,51742,77485,TRUE,7.896200185,8.882761928,1.568075397,6.293731271
ZCTA5 78410,1215,235200,79308,78410,TRUE,7.062094532,8.81982738,2.740453113,6.292921961
ZCTA5 76524,1135,219700,69286,76524,TRUE,7.309236948,8.91273076,2.314219003,6.291779708
ZCTA5 78228,1032,174900,52976,78228,TRUE,7.627432808,9.181251498,1.620557226,6.291515741
ZCTA5 79107,1026,92600,40671,79107,TRUE,7.645968489,9.67453848,1.097227479,6.289917184
ZCTA5 78064,1111,220700,66887,78064,TRUE,7.383379673,8.906736994,2.212189904,6.289029938
ZCTA5 77534,1476,245700,105741,77534,TRUE,6.2557924,8.756892831,3.864644514,6.288778164
ZCTA5 77664,1014,160000,48904,77664,TRUE,7.683039852,9.270558619,1.447375696,6.288596235
ZCTA5 77808,1367,375000,113343,77808,TRUE,6.592523942,7.981898825,4.187956398,6.287966144
ZCTA5 79404,1151,85600,51630,79404,TRUE,7.259808465,9.716494845,1.563312054,6.287865456
ZCTA5 78416,1051,94600,43198,78416,TRUE,7.568736484,9.662550947,1.204700399,6.287669997
ZCTA5 78401,1052,77500,40841,78401,TRUE,7.565647204,9.765044354,1.104457553,6.287109454
ZCTA5 78119,1177,147000,62738,78119,TRUE,7.179487179,9.348477583,2.035733576,6.28705822
ZCTA5 77541,1185,169600,66507,77541,TRUE,7.154772938,9.213018461,2.196028563,6.284623282
ZCTA5 77012,974,162200,45025,77012,TRUE,7.80661106,9.257372333,1.282402426,6.284576851
ZCTA5 75103,1127,241500,71013,75103,TRUE,7.333951189,8.782066651,2.387668046,6.284500885
ZCTA5 79547,1043,86800,41023,79547,TRUE,7.593450726,9.709302326,1.112197985,6.283830384
ZCTA5 76082,1256,306000,92485,76082,TRUE,6.935434044,8.395468713,3.300868885,6.283074897
ZCTA5 76704,866,134900,30349,76704,TRUE,8.140253321,9.421002158,0.658234416,6.279872301
ZCTA5 77059,1815,416700,161944,77059,TRUE,5.208526413,7.731958763,6.254949411,6.279483017
ZCTA5 78113,1125,300000,78505,78113,TRUE,7.34012975,8.431431311,2.706301647,6.277371787
ZCTA5 78159,921,132600,35083,78159,TRUE,7.97034291,9.434787821,0.859570704,6.276444721
ZCTA5 77062,1384,302900,103889,77062,TRUE,6.540006179,8.414049389,3.785879241,6.27598106
ZCTA5 78211,1153,118300,55436,78211,TRUE,7.253629904,9.520498681,1.725180646,6.27515576
ZCTA5 75965,968,244500,55291,75965,TRUE,7.825146741,8.764085351,1.719013818,6.274988447
ZCTA5 79601,1031,190200,53631,79601,TRUE,7.630522088,9.089546871,1.648414275,6.273597179
ZCTA5 79935,1100,197500,61323,79935,TRUE,7.417361755,9.045792376,1.975553845,6.273348568
ZCTA5 77983,1341,292000,97850,77983,TRUE,6.672845227,8.479381443,3.529041505,6.271664975
ZCTA5 76574,1134,297500,78568,76574,TRUE,7.312326228,8.446415728,2.708981027,6.271549518
ZCTA5 75961,979,141200,41495,75961,TRUE,7.791164659,9.383241429,1.132272072,6.271119914
ZCTA5 76649,1331,185300,81771,76649,TRUE,6.703738029,9.118916327,2.845204122,6.270731346
ZCTA5 76539,1379,286200,100625,76539,TRUE,6.55545258,8.514145289,3.647061826,6.270543166
ZCTA5 79533,1286,58300,59375,79533,TRUE,6.842755638,9.88012467,1.892705706,6.268951368
ZCTA5 77974,1079,164300,54250,77974,TRUE,7.482236639,9.244785423,1.674740249,6.268752357
ZCTA5 79925,1073,192900,57623,79925,TRUE,7.50077232,9.073363702,1.818193417,6.267776064
ZCTA5 76234,1225,344700,93727,76234,TRUE,7.03120173,8.16350995,3.353690953,6.267640963
ZCTA5 76901,1213,180900,69450,76901,TRUE,7.068273092,9.1452889,2.321193898,6.267254076
ZCTA5 78648,1038,217500,57621,78648,TRUE,7.608897127,8.925917046,1.818108358,6.266766472
ZCTA5 76903,1088,125700,49498,76903,TRUE,7.454433117,9.476144809,1.472638424,6.266408217
ZCTA5 78418,1275,302500,92445,78418,TRUE,6.87673772,8.416446895,3.299167691,6.265379464
ZCTA5 75839,1216,165800,67404,75839,TRUE,7.059005252,9.235794773,2.234177834,6.264593883
ZCTA5 75754,1093,268300,69815,75754,TRUE,7.438986716,8.621433709,2.336717291,6.263039987
ZCTA5 77619,1286,163600,73710,77619,TRUE,6.842755638,9.24898106,2.502371039,6.262507885
ZCTA5 75792,1078,169000,54293,75792,TRUE,7.485325919,9.216614721,1.676569032,6.262085494
ZCTA5 79412,1080,130700,48878,79412,TRUE,7.479147359,9.446175977,1.44626992,6.259392713
ZCTA5 77506,1064,146800,49586,77506,TRUE,7.528575842,9.349676337,1.47638105,6.259247553
ZCTA5 75474,1149,191400,64103,75474,TRUE,7.265987025,9.082354351,2.093786815,6.25923716
ZCTA5 75803,1113,200600,61794,75803,TRUE,7.377201112,9.0272117,1.995585402,6.257719575
ZCTA5 78052,1214,200400,71429,78052,TRUE,7.065183812,9.028410453,2.405360462,6.256204799
ZCTA5 78670,1225,244100,78625,78670,TRUE,7.03120173,8.766482858,2.711405229,6.255847118
ZCTA5 75790,1187,173900,65039,75790,TRUE,7.148594378,9.187245265,2.13359475,6.255689756
ZCTA5 77017,1066,158300,51079,77017,TRUE,7.522397281,9.280748022,1.539878109,6.255146752
ZCTA5 77586,1445,345700,114057,77586,TRUE,6.351560086,8.157516183,4.218322708,6.253375702
ZCTA5 75778,1142,154900,57589,75778,TRUE,7.287611986,9.301126828,1.816747402,6.250407064
ZCTA5 79606,1194,272600,79196,79606,TRUE,7.126969416,8.595660513,2.73568977,6.250192851
ZCTA5 76023,1106,319700,77277,76023,TRUE,7.398826074,8.313354112,2.654074997,6.249759162
ZCTA5 77533,1278,118500,65557,77533,TRUE,6.86746988,9.519299928,2.15562521,6.249465493
ZCTA5 77861,1130,232500,67275,77861,TRUE,7.324683349,8.836010549,2.228691484,6.249283949
ZCTA5 75651,987,162800,43514,75651,TRUE,7.766450417,9.253776073,1.21813983,6.248154938
ZCTA5 79904,1022,127100,41841,79904,TRUE,7.65832561,9.467753536,1.146987398,6.247752524
ZCTA5 77503,1200,182500,66797,77503,TRUE,7.108433735,9.135698873,2.208362218,6.246591821
ZCTA5 77303,1204,240700,75348,77303,TRUE,7.096076614,8.786861664,2.572034926,6.246099622
ZCTA5 76059,961,237900,51401,76059,TRUE,7.846771702,8.80364421,1.55357272,6.24587376
ZCTA5 77975,1125,184900,59786,77975,TRUE,7.34012975,9.121313834,1.910185473,6.245501692
ZCTA5 78503,1110,150900,53322,78503,TRUE,7.386468953,9.325101894,1.635272553,6.242699915
ZCTA5 77530,1160,180800,62195,77530,TRUE,7.232004943,9.145888276,2.01263987,6.240360421
ZCTA5 77328,1149,190100,62428,77328,TRUE,7.265987025,9.090146248,2.022549324,6.240203482
ZCTA5 78405,1060,80300,38294,78405,TRUE,7.540932963,9.748261808,0.996134037,6.239691938
ZCTA5 77562,1058,217700,57364,77562,TRUE,7.547111523,8.924718293,1.807178187,6.238413553
ZCTA5 79118,1348,234500,87810,79118,TRUE,6.651220266,8.824023016,3.102041858,6.238307568
ZCTA5 78382,1165,270900,75135,78382,TRUE,7.216558542,8.605849916,2.562976068,6.237271212
ZCTA5 75440,1040,286800,65232,75440,TRUE,7.602718567,8.510549029,2.14180301,6.236793038
ZCTA5 75709,1215,240600,75625,75709,TRUE,7.062094532,8.787461041,2.583815693,6.236220833
ZCTA5 75966,1049,102900,40087,75966,TRUE,7.574915045,9.612802685,1.07239005,6.235523838
ZCTA5 79423,1321,234400,84933,79423,TRUE,6.734630831,8.824622393,2.979683493,6.235144098
ZCTA5 76708,1177,219900,68856,76708,TRUE,7.179487179,8.911532007,2.29593117,6.234033825
ZCTA5 75147,1002,255800,56940,75147,TRUE,7.720111214,8.69635579,1.789145533,6.233694882
ZCTA5 76426,1349,268900,92130,76426,TRUE,6.648130985,8.617837449,3.28577079,6.230334866
ZCTA5 78237,1064,115500,42772,78237,TRUE,7.528575842,9.537281228,1.186582684,6.22858951
ZCTA5 78017,1258,103100,59808,78017,TRUE,6.929255483,9.611603932,1.911121129,6.228519712
ZCTA5 77713,1404,226500,91330,77713,TRUE,6.478220575,8.871973148,3.251746913,6.228404248
ZCTA5 78644,1155,279800,74709,78644,TRUE,7.247451344,8.552505394,2.544858354,6.228189662
ZCTA5 77703,992,87600,31803,77703,TRUE,7.751004016,9.704507312,0.720072811,6.227775643
ZCTA5 77833,1142,280500,73388,77833,TRUE,7.287611986,8.548309758,2.488676429,6.226140651
ZCTA5 77547,1157,111500,50991,77547,TRUE,7.241272783,9.561256293,1.536135483,6.225726646
ZCTA5 77358,1070,238300,60424,77358,TRUE,7.510040161,8.801246703,1.937319514,6.225585929
ZCTA5 76071,1361,334200,101989,76071,TRUE,6.611059623,8.226444498,3.705072535,6.223878959
ZCTA5 77087,1082,177900,52847,77087,TRUE,7.472968798,9.163270199,1.615070876,6.222689842
ZCTA5 77708,1149,158500,56586,77708,TRUE,7.265987025,9.279549269,1.774089968,6.222486581
ZCTA5 77706,1195,244800,73185,77706,TRUE,7.123880136,8.762287221,2.48004287,6.222251082
ZCTA5 77302,1284,266200,84673,77302,TRUE,6.848934198,8.634020619,2.968625733,6.220367585
ZCTA5 75979,1098,161400,51594,75979,TRUE,7.423540315,9.262167346,1.56178098,6.216600624
ZCTA5 77531,1178,260800,73240,77531,TRUE,7.176397899,8.666386958,2.482382012,6.21518985
ZCTA5 79110,1258,160100,66683,79110,TRUE,6.929255483,9.269959242,2.203513816,6.213744111
ZCTA5 76044,1466,414800,122715,76044,TRUE,6.286685202,7.743346919,4.586546109,6.213641989
ZCTA5 76252,1330,310100,94444,76252,TRUE,6.706827309,8.37089427,3.384184852,6.20925466
ZCTA5 79545,1254,109900,58482,79545,TRUE,6.941612604,9.57084632,1.854726554,6.204316904
ZCTA5 78222,1205,199500,66362,78222,TRUE,7.092987334,9.033804843,2.189861735,6.204294907
ZCTA5 75762,1307,299500,90057,75762,TRUE,6.777880754,8.434428195,3.19760642,6.200762686
ZCTA5 76871,1113,166700,52500,76871,TRUE,7.377201112,9.230400384,1.60031302,6.200094466
ZCTA5 79121,1167,288300,74659,79121,TRUE,7.210379981,8.501558379,2.542731862,6.197439065
ZCTA5 75605,1205,252300,73190,75605,TRUE,7.092987334,8.717333973,2.480255519,6.196471781
ZCTA5 78850,1175,247400,69531,78850,TRUE,7.18566574,8.746703428,2.324638815,6.195668969
ZCTA5 76651,1188,224500,67500,76651,TRUE,7.145505097,8.883960681,2.238260699,6.194868453
ZCTA5 75771,1344,301600,93462,75771,TRUE,6.663577386,8.421841285,3.342420544,6.194709503
ZCTA5 78221,1228,171200,63811,78221,TRUE,7.021933889,9.203428434,2.0813681,6.194212516
ZCTA5 77480,1267,209900,73022,77480,TRUE,6.901451962,8.971469672,2.473110505,6.193954838
ZCTA5 78002,1202,210700,66744,78002,TRUE,7.102255175,8.966674658,2.206108136,6.192736908
ZCTA5 79407,1156,205200,61509,79407,TRUE,7.244362064,8.999640374,1.983464396,6.192676257
ZCTA5 75704,1173,154600,55855,75704,TRUE,7.1918443,9.302924958,1.743000651,6.190515403
ZCTA5 75705,1375,197200,81346,75705,TRUE,6.5678097,9.047590506,2.827128938,6.189539713
ZCTA5 77904,1325,244700,83130,77904,TRUE,6.72227371,8.762886598,2.903002182,6.188676118
ZCTA5 77532,1385,268000,92201,77532,TRUE,6.536916898,8.623231839,3.288790409,6.188373434
ZCTA5 76559,1228,263500,76286,76559,TRUE,7.021933889,8.650203788,2.61192792,6.187413068
ZCTA5 75401,1198,168000,59908,75401,TRUE,7.114612295,9.222608487,1.915374114,6.187239698
ZCTA5 76513,1237,289600,80661,76513,TRUE,6.994130368,8.493766483,2.797995994,6.18518089
ZCTA5 77627,1329,208700,78001,77627,TRUE,6.709916589,8.978662191,2.684866605,6.183025275
ZCTA5 76657,1295,373300,97634,76657,TRUE,6.814952116,7.992088228,3.519855058,6.179563832
ZCTA5 79936,1264,179000,67198,79936,TRUE,6.910719802,9.156677056,2.225416686,6.178916044
ZCTA5 77018,1293,584600,127017,77018,TRUE,6.821130677,6.72560537,4.769509503,6.176986733
ZCTA5 77665,1397,169900,78590,77665,TRUE,6.499845536,9.211220331,2.709916684,6.176279319
ZCTA5 76690,1025,170200,42448,76690,TRUE,7.64905777,9.209422201,1.172803015,6.174290672
ZCTA5 78621,1387,320800,98534,78621,TRUE,6.530738338,8.306760969,3.558131919,6.171763201
ZCTA5 77803,1153,153400,52274,77803,TRUE,7.253629904,9.310117478,1.590701275,6.171697587
ZCTA5 77061,977,224400,45115,77061,TRUE,7.797343219,8.884560058,1.286230112,6.170174338
ZCTA5 75497,1109,212800,56205,75497,TRUE,7.389558233,8.954087749,1.757886097,6.169415447
ZCTA5 78605,1230,324000,83542,78605,TRUE,7.015755329,8.287580916,2.920524478,6.16873375
ZCTA5 78045,1420,243900,90608,78045,TRUE,6.428792091,8.767681611,3.221040365,6.168133429
ZCTA5 75143,1275,182900,67897,75143,TRUE,6.87673772,9.133301367,2.255145048,6.167229012
ZCTA5 77511,1271,235700,74939,77511,TRUE,6.889094841,8.816830496,2.554640219,6.167079151
ZCTA5 75503,1251,229800,72159,75503,TRUE,6.950880445,8.852193719,2.436407249,6.166932468
ZCTA5 78223,1128,172600,52088,78223,TRUE,7.330861909,9.195037161,1.582790723,6.165693129
ZCTA5 77075,1213,235600,69191,77075,TRUE,7.068273092,8.817429873,2.310178668,6.165591799
ZCTA5 78362,1297,191200,71058,78362,TRUE,6.808773556,9.083553105,2.389581889,6.16544992
ZCTA5 78411,1169,184700,57742,78411,TRUE,7.204201421,9.122512587,1.823254469,6.165410685
ZCTA5 79714,1305,195700,72242,79714,TRUE,6.784059314,9.056581156,2.439937226,6.16257924
ZCTA5 79752,1113,94900,39423,79752,TRUE,7.377201112,9.660752817,1.044150232,6.16235136
ZCTA5 78224,1227,162200,59891,78224,TRUE,7.02502317,9.257372333,1.914651106,6.1616163
ZCTA5 75020,1287,204300,71605,75020,TRUE,6.839666358,9.005034764,2.412845714,6.161230687
ZCTA5 79011,1078,226600,54375,79011,TRUE,7.485325919,8.871373771,1.68005648,6.159559443
ZCTA5 75847,1105,121700,42188,75847,TRUE,7.401915354,9.500119875,1.161745255,6.159325681
ZCTA5 75101,1283,133000,61000,75101,TRUE,6.852023479,9.432390314,1.961816705,6.159071497
ZCTA5 77032,1112,128000,43725,77032,TRUE,7.380290392,9.462359146,1.227113627,6.158957989
ZCTA5 79103,1253,132300,57981,79103,TRUE,6.944701884,9.436585951,1.833419102,6.15888227
ZCTA5 76093,1222,148300,57200,76093,TRUE,7.040469571,9.340685687,1.800203293,6.158454522
ZCTA5 75431,850,306900,43242,75431,TRUE,8.189681804,8.390074323,1.206571712,6.154866532
ZCTA5 78231,1393,401800,109183,78231,TRUE,6.512202657,7.821265883,4.011032242,6.1545705
ZCTA5 76802,1280,207400,70714,76802,TRUE,6.861291319,8.986454088,2.374951622,6.152938241
ZCTA5 78003,1216,242700,69457,78003,TRUE,7.059005252,8.774874131,2.321491607,6.152511822
ZCTA5 78155,1198,266700,71039,78155,TRUE,7.114612295,8.631023735,2.388773822,6.151784185
ZCTA5 75426,1088,93300,35938,75426,TRUE,7.454433117,9.670342843,0.895933721,6.151656216
ZCTA5 78389,1112,86200,37195,78389,TRUE,7.380290392,9.712898585,0.949393737,6.150803854
ZCTA5 79083,1202,105400,48611,79083,TRUE,7.102255175,9.597818269,1.434914451,6.150721886
ZCTA5 78351,1102,105400,38925,78351,TRUE,7.411183194,9.597818269,1.022970369,6.150709869
ZCTA5 78225,1166,119600,46955,78225,TRUE,7.213469262,9.512706785,1.364485027,6.148545248
ZCTA5 75681,1092,178500,48079,75681,TRUE,7.442075996,9.159673939,1.412288574,6.148419152
ZCTA5 77335,1156,171600,53300,77335,TRUE,7.244362064,9.201030928,1.634336896,6.148355173
ZCTA5 78336,1147,214200,58420,78336,TRUE,7.272165585,8.945696476,1.852089704,6.148202088
ZCTA5 75791,1418,267000,92107,75791,TRUE,6.434970652,8.629225605,3.284792603,6.148193723
ZCTA5 77026,1006,175000,39211,77026,TRUE,7.707754093,9.180652122,1.035133905,6.147837445
ZCTA5 77093,1131,142800,46766,77093,TRUE,7.321594069,9.373651403,1.356446887,6.147667114
ZCTA5 76009,1323,245400,79755,76009,TRUE,6.728452271,8.758690961,2.759463954,6.146827383
ZCTA5 79705,1433,351700,105310,79705,TRUE,6.388631449,8.121553584,3.846314151,6.1458129
ZCTA5 77539,1393,264800,89111,77539,TRUE,6.512202657,8.642411892,3.157373187,6.144816586
ZCTA5 76486,986,408600,69808,76486,TRUE,7.769539697,7.780508271,2.336419582,6.142894235
ZCTA5 75210,1033,122700,33712,75210,TRUE,7.624343528,9.494126109,0.801262286,6.13835393
ZCTA5 75495,1438,397900,111563,75495,TRUE,6.373185048,7.844641573,4.112253274,6.136342473
ZCTA5 76621,1360,241300,81932,76621,TRUE,6.614148903,8.783265404,2.852051427,6.136254611
ZCTA5 78415,1212,152000,54990,78415,TRUE,7.071362373,9.318508751,1.706212335,6.135961275
ZCTA5 76543,1143,154000,48564,76543,TRUE,7.284522706,9.306521218,1.432915548,6.135640112
ZCTA5 77011,1079,209300,50133,77011,TRUE,7.482236639,8.975065931,1.499644876,6.135307898
ZCTA5 77015,1211,172800,57753,77015,TRUE,7.074451653,9.193838408,1.823722297,6.135048873
ZCTA5 78210,1159,189400,55028,78210,TRUE,7.235094223,9.094341884,1.707828469,6.134688795
ZCTA5 77801,1042,162300,39846,77801,TRUE,7.596540006,9.256772956,1.062140357,6.134289996
ZCTA5 77067,1134,186200,52032,77067,TRUE,7.312326228,9.113521937,1.580409052,6.133109788
ZCTA5 79912,1238,264200,72943,79912,TRUE,6.991041087,8.646008152,2.469750648,6.131144075
ZCTA5 77022,1095,219200,52739,77022,TRUE,7.432808156,8.915727643,1.610477653,6.130984851
ZCTA5 79765,1514,302300,104965,79765,TRUE,6.138399753,8.417645649,3.831641354,6.130146002
ZCTA5 78201,1069,197800,47121,78201,TRUE,7.513129441,9.043994246,1.371544982,6.129913545
ZCTA5 76554,1392,177300,75500,76554,TRUE,6.515291937,9.166866459,2.578499462,6.129726551
ZCTA5 77590,1275,188900,65801,77590,TRUE,6.87673772,9.097338768,2.166002492,6.129697466
ZCTA5 79414,1148,157500,49057,79414,TRUE,7.269076305,9.285543035,1.453882762,6.129458261
ZCTA5 77073,1362,220500,78592,77073,TRUE,6.607970343,8.907935747,2.710001744,6.128569384
ZCTA5 77502,1260,177400,62500,77502,TRUE,6.923076923,9.166267082,2.025611473,6.126794336
ZCTA5 77029,1177,135100,48279,77029,TRUE,7.179487179,9.419803404,1.420794543,6.123974256
ZCTA5 76504,1167,174100,52803,76504,TRUE,7.210379981,9.186046512,1.613199563,6.123925815
ZCTA5 77571,1375,237500,81850,77571,TRUE,6.5678097,8.806041717,2.84856398,6.123505589
ZCTA5 77066,1447,225700,87138,77066,TRUE,6.345381526,8.876768161,3.073461802,6.123221599
ZCTA5 79762,1317,232900,75272,79762,TRUE,6.746987952,8.833613042,2.568802657,6.119519891
ZCTA5 78417,1208,155200,53750,78417,TRUE,7.083719493,9.299328698,1.653475326,6.119329005
ZCTA5 76020,1345,299300,87298,76020,TRUE,6.660488106,8.435626948,3.080266577,6.1189633
ZCTA5 77474,1239,287600,75272,77474,TRUE,6.987951807,8.505754016,2.568802657,6.117547725
ZCTA5 78070,1318,516600,115175,78070,TRUE,6.743898672,7.133181491,4.265871075,6.117275239
ZCTA5 78638,1135,317400,69250,78638,TRUE,7.309236948,8.327139775,2.312687929,6.11564309
ZCTA5 76432,1287,216700,69688,76432,TRUE,6.839666358,8.930712059,2.331316001,6.114474961
ZCTA5 77445,1171,270400,65909,77445,TRUE,7.198022861,8.608846799,2.170595716,6.113041899
ZCTA5 77520,1226,150700,54278,77520,TRUE,7.02811245,9.326300647,1.675931085,6.1119145
ZCTA5 76707,1119,126200,40443,76707,TRUE,7.358665431,9.473147926,1.087530675,6.111669753
ZCTA5 75142,1367,237900,80028,75142,TRUE,6.592523942,8.80364421,2.771074602,6.10942522
ZCTA5 77640,1254,109600,50973,77640,TRUE,6.941612604,9.57264445,1.535369946,6.10904936
ZCTA5 75160,1257,255700,71801,75160,TRUE,6.932344764,8.696955167,2.421181564,6.108378925
ZCTA5 77707,1355,174000,69756,77707,TRUE,6.629595304,9.186645888,2.33420803,6.108094297
ZCTA5 76103,1212,205000,60172,76103,TRUE,7.071362373,9.000839127,1.926601993,6.106777285
ZCTA5 78208,951,146600,26595,78208,TRUE,7.877664504,9.35087509,0.498577377,6.105901542
ZCTA5 76115,1212,150600,52411,76115,TRUE,7.071362373,9.326900024,1.596527863,6.105573315
ZCTA5 77037,1267,158000,58750,77037,TRUE,6.901451962,9.282546152,1.866124553,6.105181996
ZCTA5 75173,1426,355900,101988,75173,TRUE,6.41025641,8.096379765,3.705030005,6.104525495
ZCTA5 77318,1386,316900,92415,77318,TRUE,6.533827618,8.330136658,3.297891796,6.101939583
ZCTA5 77034,1208,197200,58217,77034,TRUE,7.083719493,9.047590506,1.843456145,6.100801793
ZCTA5 77441,1952,582000,184390,77441,TRUE,4.785295026,6.741189163,7.209574319,6.099347055
ZCTA5 76857,1217,142600,51152,76857,TRUE,7.055915972,9.374850156,1.542982788,6.097716272
ZCTA5 77060,1088,156100,40435,77060,TRUE,7.454433117,9.293934308,1.087190436,6.09611067
ZCTA5 77071,1100,245100,54139,77071,TRUE,7.417361755,8.760489091,1.670019436,6.09609726
ZCTA5 77340,1044,244000,48538,77340,TRUE,7.590361446,8.767082234,1.431809773,6.09581218
ZCTA5 78643,1077,362600,68365,78643,TRUE,7.488415199,8.05622153,2.275049016,6.094747243
ZCTA5 77435,1091,356000,68778,77435,TRUE,7.445165276,8.095780388,2.292613842,6.09458438
ZCTA5 76033,1318,253800,76292,76033,TRUE,6.743898672,8.708343323,2.612183099,6.093717395
ZCTA5 77016,1210,125000,47677,77016,TRUE,7.077540933,9.480340446,1.395191576,6.09367598
ZCTA5 78261,1799,430200,147727,78261,TRUE,5.257954897,7.651042915,5.6503026,6.093585613
ZCTA5 76054,1486,377800,109881,76054,TRUE,6.224899598,7.965116279,4.040718074,6.091710145
ZCTA5 77074,1085,213000,47810,77074,TRUE,7.463700958,8.952888995,1.400848045,6.091601495
ZCTA5 78218,1215,190900,57285,78218,TRUE,7.062094532,9.085351235,1.80381833,6.091588682
ZCTA5 78226,1091,107100,33398,78226,TRUE,7.445165276,9.587628866,0.787907914,6.090727145
ZCTA5 78023,1685,412900,134007,78023,TRUE,5.610132839,7.754735076,5.066793122,6.090511595
ZCTA5 76164,1212,162700,52882,76164,TRUE,7.071362373,9.25437545,1.616559421,6.08982541
ZCTA5 77566,1478,262500,92586,77566,TRUE,6.24961384,8.656197555,3.305164399,6.088254122
ZCTA5 77611,1558,203900,92004,77611,TRUE,6.002471424,9.00743227,3.280412029,6.08734186
ZCTA5 76259,1442,354100,101845,76259,TRUE,6.360827927,8.107168545,3.698948237,6.086166205
ZCTA5 78227,1207,159700,51519,78227,TRUE,7.086808774,9.272356749,1.558591241,6.084007907
ZCTA5 76905,1544,163900,84712,76905,TRUE,6.045721347,9.24718293,2.970284397,6.083528737
ZCTA5 77365,1476,288700,95702,77365,TRUE,6.2557924,8.499160873,3.437687397,6.083371441
ZCTA5 78655,1093,269900,55952,78655,TRUE,7.438986716,8.611843683,1.747126046,6.083285605
ZCTA5 76449,1080,398700,72813,76449,TRUE,7.479147359,7.83984656,2.464221768,6.082879442
ZCTA5 77563,1370,220700,75806,77563,TRUE,6.583256101,8.906736994,2.591513595,6.082777617
ZCTA5 77301,1277,218600,66475,77301,TRUE,6.87055916,8.919323903,2.194667608,6.082421117
ZCTA5 77085,1338,191800,68470,77085,TRUE,6.682113068,9.079956845,2.279514649,6.080686675
ZCTA5 76710,1147,250300,58186,76710,TRUE,7.272165585,8.729321506,1.84213772,6.080304002
ZCTA5 78219,1213,162000,52094,78219,TRUE,7.068273092,9.258571086,1.583045902,6.079794334
ZCTA5 76712,1427,340600,97903,76712,TRUE,6.40716713,8.188084392,3.531295587,6.078680846
ZCTA5 77036,1042,235300,45716,77036,TRUE,7.596540006,8.819228003,1.311790549,6.077921568
ZCTA5 76258,1448,366600,103532,76258,TRUE,6.342292246,8.032246464,3.770696086,6.077799663
ZCTA5 78203,1051,158000,35536,78203,TRUE,7.568736484,9.282546152,0.878836724,6.075909456
ZCTA5 78404,1273,189000,61280,78404,TRUE,6.882916281,9.096739391,1.973725062,6.074305848
ZCTA5 75076,1321,267500,76919,75076,TRUE,6.734630831,8.626228722,2.638849313,6.073375743
ZCTA5 78028,1138,323200,66991,78028,TRUE,7.299969107,8.292375929,2.216613008,6.072684324
ZCTA5 77068,1327,328600,86028,77068,TRUE,6.71609515,8.26000959,3.026253674,6.072317039
ZCTA5 76060,1598,378600,119156,76060,TRUE,5.878900216,7.960321266,4.435182389,6.070211183
ZCTA5 79734,1241,241300,65227,79734,TRUE,6.981773247,8.783265404,2.141590361,6.070166028
ZCTA5 77802,1280,254500,70666,77802,TRUE,6.861291319,8.704147686,2.37291019,6.06763389
ZCTA5 76401,1162,270000,61210,76401,TRUE,7.225826382,8.611244306,1.970747972,6.064928236
ZCTA5 78213,1186,216400,55884,78213,TRUE,7.151683658,8.932510189,1.744234016,6.063696725
ZCTA5 77013,1158,174400,47060,77013,TRUE,7.238183503,9.184248382,1.368950661,6.061233114
ZCTA5 77089,1475,250900,88140,77089,TRUE,6.258881681,8.725725246,3.116076707,6.056093258
ZCTA5 76245,1563,219600,92212,76245,TRUE,5.987025023,8.913330137,3.289258237,6.055586521
ZCTA5 78650,1375,300300,85170,78650,TRUE,6.5678097,8.429633181,2.989763066,6.052942754
ZCTA5 77381,1727,473600,143565,77381,TRUE,5.480383071,7.39091345,5.473293384,6.051415278
ZCTA5 77028,1154,121100,38357,77028,TRUE,7.250540624,9.503716135,0.998813417,6.050975115
ZCTA5 78220,1156,143700,41710,78220,TRUE,7.244362064,9.368257013,1.141415989,6.050646726
ZCTA5 77587,1212,189300,53497,77587,TRUE,7.071362373,9.094941261,1.642715275,6.04984191
ZCTA5 79416,1285,213700,63896,79416,TRUE,6.845844918,8.948693359,2.084983137,6.048440916
ZCTA5 77031,1087,232500,47162,77031,TRUE,7.457522397,8.836010549,1.373288705,6.045798735
ZCTA5 77045,1291,181200,59688,77045,TRUE,6.827309237,9.14349077,1.906017548,6.04577619
ZCTA5 76048,1308,246000,70346,76048,TRUE,6.774791474,8.755094702,2.359300639,6.044235192
ZCTA5 77581,1596,338000,111139,77581,TRUE,5.885078777,8.203668185,4.094220619,6.043398152
ZCTA5 79701,1220,214700,57346,79701,TRUE,7.046648131,8.942699592,1.80641265,6.043392925
ZCTA5 78238,1232,209700,57769,78238,TRUE,7.009576769,8.972668425,1.824402775,6.042952067
ZCTA5 78264,1265,163300,54409,78264,TRUE,6.907630522,9.25077919,1.681502494,6.042736714
ZCTA5 78112,1319,131400,54988,78112,TRUE,6.740809391,9.44198034,1.706127275,6.040756041
ZCTA5 76106,1264,172400,55431,76106,TRUE,6.910719802,9.196235915,1.724967996,6.040649094
ZCTA5 77046,1889,286500,131932,77046,TRUE,4.979919679,8.512347159,4.978543693,6.039235127
ZCTA5 76266,1478,338300,99425,76266,TRUE,6.24961384,8.201870055,3.596026011,6.039214356
ZCTA5 78612,1481,309200,95496,78612,TRUE,6.240345999,8.37628866,3.428926249,6.037702872
ZCTA5 77357,1372,246200,76050,77357,TRUE,6.577077541,8.753895948,2.601890877,6.037567064
ZCTA5 76542,1355,244000,74055,76542,TRUE,6.629595304,8.767082234,2.517043836,6.037075943
ZCTA5 79413,1359,208600,69400,79413,TRUE,6.617238184,8.979261568,2.319067406,6.036393965
ZCTA5 77857,1080,355800,63000,77857,TRUE,7.479147359,8.096979142,2.046876396,6.034815605
ZCTA5 75054,1949,470000,163229,75054,TRUE,4.794562867,7.412491009,6.309600262,6.034452528
ZCTA5 77591,1332,222600,68593,77591,TRUE,6.700648749,8.895348837,2.28474582,6.034287897
ZCTA5 75217,1248,189200,55723,75217,TRUE,6.960148285,9.095540638,1.737386711,6.033937519
ZCTA5 75227,1294,217000,64008,75227,TRUE,6.818041396,8.92891393,2.08974648,6.032814681
ZCTA5 76114,1269,222600,62073,76114,TRUE,6.895273401,8.895348837,2.007451229,6.02894938
ZCTA5 77471,1364,237700,73186,77471,TRUE,6.601791783,8.804842963,2.4800854,6.026195222
ZCTA5 76135,1326,275100,74621,76135,TRUE,6.71918443,8.580676097,2.541115728,6.024211319
ZCTA5 78217,1233,242300,60988,78217,TRUE,7.006487488,8.777271637,1.961306347,6.024168391
ZCTA5 77076,1137,177300,42522,77076,TRUE,7.303058387,9.166866459,1.175950223,6.02406836
ZCTA5 79934,1453,210800,77754,79934,TRUE,6.326845845,8.966075282,2.674361733,6.022869442
ZCTA5 76476,1434,249600,81364,76476,TRUE,6.385542169,8.733517142,2.827894475,6.022640353
ZCTA5 76088,1437,408700,104038,76088,TRUE,6.376274328,7.779908895,3.792216188,6.022147256
ZCTA5 77086,1255,208800,58200,77086,TRUE,6.938523324,8.978062815,1.842733138,6.021648115
ZCTA5 75417,1351,133200,56842,75417,TRUE,6.641952425,9.431191561,1.784977608,6.021631721
ZCTA5 77573,1692,367500,122722,77573,TRUE,5.588507878,8.026852074,4.586843818,6.019511919
ZCTA5 77523,1702,372100,124188,77523,TRUE,5.557615076,7.999280748,4.649192571,6.017588026
ZCTA5 75701,1336,213700,66401,75701,TRUE,6.688291628,8.948693359,2.191520399,6.017380779
ZCTA5 78212,1129,330600,62801,78212,TRUE,7.327772629,8.248022057,2.038412956,6.017039556
ZCTA5 77389,1807,417500,140683,77389,TRUE,5.233240655,7.72716375,5.350722369,6.016662098
ZCTA5 78242,1270,148200,50644,78242,TRUE,6.892184121,9.341285064,1.521377627,6.015672456
ZCTA5 78255,1815,531400,157428,78255,TRUE,5.208526413,7.044473747,6.062884629,6.015618078
ZCTA5 77081,1014,274000,43251,77081,TRUE,7.683039852,8.58726924,1.20695448,6.011483057
ZCTA5 77088,1237,200000,54411,77088,TRUE,6.994130368,9.03080796,1.681587554,6.011370801
ZCTA5 77521,1390,231400,73629,77521,TRUE,6.521470497,8.842603692,2.498926121,6.011047143
ZCTA5 79401,1092,105600,26980,79401,TRUE,7.442075996,9.596619516,0.514951367,6.010301663
ZCTA5 77831,1285,195200,58229,77831,TRUE,6.845844918,9.059578039,1.843966503,6.00940133
ZCTA5 78148,1356,267000,74783,78148,TRUE,6.626506024,8.629225605,2.548005563,6.00377176
ZCTA5 77504,1173,227400,51478,77504,TRUE,7.1918443,8.866578758,1.556847518,6.003765603
ZCTA5 76105,1223,153600,45770,76105,TRUE,7.03738029,9.308918725,1.314087161,6.001853882
ZCTA5 79703,1447,224000,77285,79703,TRUE,6.345381526,8.886957564,2.654415236,6.00056445
ZCTA5 77377,1760,378200,129327,77377,TRUE,5.378436824,7.962718772,4.867753446,6.000516395
ZCTA5 75930,1583,110300,74240,75930,TRUE,5.925239419,9.568448813,2.524911857,5.998103969
ZCTA5 78412,1322,197500,61215,78412,TRUE,6.731541551,9.045792376,1.970960622,5.99764252
ZCTA5 77423,1394,314800,84490,77423,TRUE,6.509113377,8.342723567,2.960842771,5.994715252
ZCTA5 79938,1466,214800,77272,79938,TRUE,6.286685202,8.942100216,2.653862348,5.99346285
ZCTA5 77807,1344,278600,74375,77807,TRUE,6.663577386,8.559697914,2.530653386,5.992536345
ZCTA5 75459,1342,258300,71228,75459,TRUE,6.669755947,8.681371374,2.396811963,5.99135738
ZCTA5 79382,1481,257100,84457,79382,TRUE,6.240345999,8.688563894,2.959439287,5.990539354
ZCTA5 75452,1271,295900,69479,75452,TRUE,6.889094841,8.456005754,2.322427263,5.989167842
ZCTA5 75119,1375,278800,77053,75119,TRUE,6.5678097,8.558499161,2.644548312,5.988038122
ZCTA5 77035,1179,283800,58686,77035,TRUE,7.173308619,8.528530328,1.863402643,5.986903339
ZCTA5 77346,1786,317800,122241,77346,TRUE,5.298115539,8.324742268,4.566386962,5.986584985
ZCTA5 78251,1413,268300,78958,78251,TRUE,6.450417053,8.621433709,2.725567667,5.984267234
ZCTA5 76119,1285,160400,51267,76119,TRUE,6.845844918,9.268161112,1.54787372,5.983148417
ZCTA5 75159,1402,234300,72897,75159,TRUE,6.484399135,8.825221769,2.467794275,5.981664467
ZCTA5 75703,1319,336300,79194,75703,TRUE,6.740809391,8.213857588,2.735604711,5.981162446
ZCTA5 77505,1575,294800,98125,77505,TRUE,5.949953661,8.462598897,3.540737212,5.980982297
ZCTA5 75172,1364,165500,59457,75172,TRUE,6.601791783,9.237592903,1.896193154,5.98085253
ZCTA5 75180,1359,223900,67019,75180,TRUE,6.617238184,8.887556941,2.217803844,5.978503509
ZCTA5 76435,1571,148000,76667,76435,TRUE,5.962310782,9.342483817,2.628131791,5.976108995
ZCTA5 75223,1367,265100,73318,75223,TRUE,6.592523942,8.640613762,2.48569934,5.974903507
ZCTA5 78133,1354,349100,83853,78133,TRUE,6.632684584,8.137137377,2.93375126,5.974340425
ZCTA5 76134,1383,239000,70945,76134,TRUE,6.543095459,8.797051067,2.384776017,5.971786309
ZCTA5 75707,1476,274900,84954,75707,TRUE,6.2557924,8.58187485,2.98057662,5.971052401
ZCTA5 76031,1422,200200,69155,76031,TRUE,6.422613531,9.029609206,2.308647593,5.970522452
ZCTA5 77039,1246,165600,47119,77039,TRUE,6.966326846,9.236993527,1.371459922,5.969066773
ZCTA5 78124,1356,282700,74192,78124,TRUE,6.626506024,8.535123472,2.522870424,5.968000578
ZCTA5 78616,1362,211500,64715,78616,TRUE,6.607970343,8.961879645,2.11981508,5.967696555
ZCTA5 77094,1753,477500,139932,77094,TRUE,5.400061786,7.367537761,5.318782456,5.965920779
ZCTA5 78413,1400,244200,72815,78413,TRUE,6.490577695,8.765883481,2.464306827,5.965288171
ZCTA5 76049,1559,363300,104967,76049,TRUE,5.999382144,8.052025893,3.831726414,5.96487855
ZCTA5 78602,1449,332600,89968,78602,TRUE,6.339202966,8.236034524,3.193821264,5.964637923
ZCTA5 77406,1878,406300,141869,77406,TRUE,5.013901761,7.794293934,5.401162766,5.964197714
ZCTA5 78631,1304,351600,78560,78631,TRUE,6.787148594,8.122152961,2.708640789,5.964097563
ZCTA5 75253,1393,165000,60874,75253,TRUE,6.512202657,9.240589787,1.956457944,5.963995382
ZCTA5 75489,1581,233200,88676,75489,TRUE,5.93141798,8.831814912,3.138872704,5.963773477
ZCTA5 76706,1149,197000,41656,76706,TRUE,7.265987025,9.048789259,1.139119377,5.962767401
ZCTA5 76120,1395,306700,80922,76120,TRUE,6.506024096,8.391273076,2.809096283,5.962520446
ZCTA5 77546,1734,380700,123756,77546,TRUE,5.458758109,7.947734356,4.630819678,5.957069454
ZCTA5 75224,1199,239600,51919,75224,TRUE,7.111523015,8.793454807,1.57560318,5.955326602
ZCTA5 77023,1106,302300,51430,77023,TRUE,7.398826074,8.417645649,1.554806085,5.95126595
ZCTA5 76040,1332,297900,72661,76040,TRUE,6.700648749,8.444018221,2.457757231,5.950792135
ZCTA5 77050,1235,112600,37009,77050,TRUE,7.000308928,9.55466315,0.941483186,5.948967472
ZCTA5 75048,1778,407200,131087,75048,TRUE,5.322829781,7.788899544,4.942605974,5.948583568
ZCTA5 77514,1583,215200,85139,77514,TRUE,5.925239419,8.939702709,2.988444641,5.948539973
ZCTA5 78152,1824,325200,123981,78152,TRUE,5.180722892,8.280388396,4.640388893,5.948522343
ZCTA5 76012,1442,334600,88141,76012,TRUE,6.360827927,8.224046991,3.116119237,5.946381039
ZCTA5 77336,1612,276500,96404,77336,TRUE,5.835650293,8.572284824,3.467543349,5.946208569
ZCTA5 75232,1339,220100,61847,75232,TRUE,6.679023787,8.910333253,1.997839484,5.944061336
ZCTA5 77382,1874,566500,162384,77382,TRUE,5.026258882,6.834092544,6.273662543,5.942830079
ZCTA5 78642,1658,506600,132958,78642,TRUE,5.693543404,7.193119156,5.022179314,5.942006903
ZCTA5 77092,1276,242900,58728,77092,TRUE,6.87364844,8.773675378,1.865188896,5.941118658
ZCTA5 79707,1488,389400,99886,79707,TRUE,6.218721038,7.895588588,3.61563227,5.940854673
ZCTA5 77014,1265,228600,55589,77014,TRUE,6.907630522,8.859386238,1.731687712,5.940374394
ZCTA5 78247,1563,275500,91013,78247,TRUE,5.987025023,8.57827859,3.238264952,5.939773072
ZCTA5 77044,1577,294200,95000,77044,TRUE,5.9437751,8.466195157,3.407831446,5.939718021
ZCTA5 75051,1295,227400,58245,75051,TRUE,6.814952116,8.866578758,1.844646981,5.939348568
ZCTA5 75211,1292,219300,56807,75211,TRUE,6.824219957,8.915128267,1.783489063,5.939273182
ZCTA5 78263,1370,331900,80156,78263,TRUE,6.583256101,8.240230161,2.776518422,5.938327015
ZCTA5 77355,1583,341300,102066,77355,TRUE,5.925239419,8.183888756,3.708347333,5.937766594
ZCTA5 75216,1221,159800,41386,75216,TRUE,7.043558851,9.271757372,1.127636319,5.937241648
ZCTA5 75092,1322,279500,68036,75092,TRUE,6.731541551,8.554303524,2.261056697,5.937224687
ZCTA5 75442,1481,364000,95250,75442,TRUE,6.240345999,8.047830257,3.418463907,5.936026649
ZCTA5 77583,1767,338100,119287,77583,TRUE,5.356811863,8.203068808,4.440753799,5.935871527
ZCTA5 76502,1480,272500,82088,76502,TRUE,6.24343528,8.59625989,2.858686083,5.933857904
ZCTA5 75228,1266,282700,62667,75228,TRUE,6.904541242,8.535123472,2.032713957,5.932167725
ZCTA5 78252,1549,250600,85518,78252,TRUE,6.030274946,8.727523376,3.004563452,5.931736027
ZCTA5 76872,1267,255000,58750,76872,TRUE,6.901451962,8.701150803,1.866124553,5.930763391
ZCTA5 76035,1617,438600,118333,76035,TRUE,5.820203892,7.600695277,4.400180327,5.928344238
ZCTA5 76112,1301,225900,57724,76112,TRUE,6.796416435,8.875569408,1.822488932,5.927984076
ZCTA5 76013,1310,310400,70471,76013,TRUE,6.768612913,8.36909614,2.36461687,5.927559068
ZCTA5 75152,1651,250000,94935,75152,TRUE,5.715168366,8.731119636,3.405067006,5.926923339
ZCTA5 75212,1303,241700,59750,75212,TRUE,6.790237875,8.780867897,1.908654398,5.922951839
ZCTA5 75402,1445,273300,77877,75402,TRUE,6.351560086,8.591464877,2.679592904,5.921941369
ZCTA5 78254,1765,320800,115526,78254,TRUE,5.362990423,8.306760969,4.280799051,5.921464175
ZCTA5 78250,1530,235000,80659,78250,TRUE,6.08897127,8.821026133,2.797910934,5.921269628
ZCTA5 78253,1615,360000,106373,78253,TRUE,5.826382453,8.071805322,3.891523377,5.919551591
ZCTA5 77375,1617,332300,102488,77375,TRUE,5.820203892,8.237832654,3.726294927,5.917319831
ZCTA5 77430,1474,309600,85364,77430,TRUE,6.261970961,8.373891153,2.998013856,5.916359887
ZCTA5 77099,1265,198900,49396,77099,TRUE,6.907630522,9.037401103,1.46830038,5.914762654
ZCTA5 77845,1431,365100,88851,77845,TRUE,6.394810009,8.041237113,3.146315427,5.914189766
ZCTA5 78861,1391,223200,64917,78861,TRUE,6.518381217,8.891752577,2.128406109,5.913400093
ZCTA5 76110,1391,258000,69790,76110,TRUE,6.518381217,8.683169504,2.335654045,5.912999552
ZCTA5 77072,1300,187800,51070,77072,TRUE,6.799505715,9.103931911,1.539495341,5.912830462
ZCTA5 78233,1514,220800,76421,78233,TRUE,6.138399753,8.906137617,2.61766945,5.912502021
ZCTA5 75090,1347,188000,55543,75090,TRUE,6.654309546,9.102733158,1.729731339,5.911463167
ZCTA5 76104,1447,162700,61658,76104,TRUE,6.345381526,9.25437545,1.989801343,5.911405648
ZCTA5 78957,1383,259900,69149,78957,TRUE,6.543095459,8.671781347,2.308392414,5.911290312
ZCTA5 78414,1643,292600,98771,78414,TRUE,5.739882607,8.475785183,3.568211492,5.909152046
ZCTA5 76058,1385,275900,71328,76058,TRUE,6.536916898,8.575881084,2.401064947,5.907850569
ZCTA5 77096,1278,432600,82852,77096,TRUE,6.86746988,7.636657876,2.891178885,5.90533898
ZCTA5 75041,1441,232100,70308,75041,TRUE,6.363917207,8.838408056,2.357684505,5.904394651
ZCTA5 76118,1554,326400,94530,76118,TRUE,6.014828545,8.273195876,3.387842418,5.904242906
ZCTA5 76078,1635,309600,99866,76078,TRUE,5.764596849,8.373891153,3.614781673,5.902440587
ZCTA5 75087,1758,435400,129484,75087,TRUE,5.384615385,7.61987533,4.874430632,5.902137942
ZCTA5 76108,1517,253700,80412,76108,TRUE,6.129131912,8.7089427,2.787406062,5.900557393
ZCTA5 77064,1532,253100,81658,77064,TRUE,6.082792709,8.712538959,2.840398249,5.898998246
ZCTA5 77009,1305,420200,83148,77009,TRUE,6.784059314,7.71098058,2.903767719,5.898048215
ZCTA5 78374,1580,233800,83504,78374,TRUE,5.93450726,8.828218653,2.918908344,5.897941003
ZCTA5 77091,1064,247500,35432,77091,TRUE,7.528575842,8.746104052,0.87441362,5.897585638
ZCTA5 77396,1517,240600,78169,77396,TRUE,6.129131912,8.787461041,2.692011619,5.895494563
ZCTA5 78240,1342,257500,63351,78240,TRUE,6.669755947,8.686166387,2.061804371,5.892293606
ZCTA5 77038,1372,194200,57232,77038,TRUE,6.577077541,9.065571805,1.801564248,5.890971832
ZCTA5 76711,1391,153000,53185,76711,TRUE,6.518381217,9.312514984,1.629445964,5.889940771
ZCTA5 76117,1290,211700,51670,76117,TRUE,6.830398517,8.960680892,1.565013248,5.889867649
ZCTA5 75203,1318,159900,46989,75203,TRUE,6.743898672,9.271157996,1.365931042,5.88868618
ZCTA5 77363,1380,318200,75278,77363,TRUE,6.552363299,8.322344761,2.569057836,5.888366099
ZCTA5 77040,1382,244700,65028,77040,TRUE,6.546184739,8.762886598,2.133126922,5.887277952
ZCTA5 78245,1618,260300,90029,78245,TRUE,5.817114612,8.669383841,3.196415585,5.886585673
ZCTA5 76209,1444,274300,75069,76209,TRUE,6.354649367,8.58547111,2.560169099,5.885551809
ZCTA5 77433,1960,409400,143934,77433,TRUE,4.760580785,7.775713258,5.488986897,5.88364236
ZCTA5 77058,1409,254900,68722,77058,TRUE,6.462774174,8.70175018,2.29023217,5.882704375
ZCTA5 77364,1379,233200,62750,77364,TRUE,6.55545258,8.831814912,2.036243934,5.882598686
ZCTA5 75007,1668,381100,111521,75007,TRUE,5.662650602,7.94533685,4.11046702,5.881801402
ZCTA5 78619,1786,810600,183393,78619,TRUE,5.298115539,5.371014145,7.167172063,5.880702078
ZCTA5 76643,1538,273300,83511,76643,TRUE,6.064257028,8.591464877,2.919206053,5.87890409
ZCTA5 75060,1449,249800,71575,75060,TRUE,6.339202966,8.732318389,2.411569819,5.878847649
ZCTA5 78645,1608,434600,113008,78645,TRUE,5.848007414,7.624670343,4.1737089,5.878716739
ZCTA5 75042,1388,240200,64266,75042,TRUE,6.527649058,8.789858547,2.10071918,5.878232941
ZCTA5 77598,1355,240700,60977,77598,TRUE,6.629595304,8.786861664,1.960838518,5.876148176
ZCTA5 78216,1234,310700,59110,78216,TRUE,7.003398208,8.36729801,1.881435297,5.875979275
ZCTA5 78833,1268,109500,34036,78833,TRUE,6.898362681,9.573243826,0.815041956,5.875830807
ZCTA5 78259,1703,380800,114156,78259,TRUE,5.554525795,7.94713498,4.222533163,5.872710761
ZCTA5 77447,1811,326400,116925,77447,TRUE,5.220883534,8.273195876,4.340298304,5.872401668
ZCTA5 78239,1469,229200,70098,78239,TRUE,6.277417362,8.855789978,2.348753238,5.87232991
ZCTA5 77065,1446,278700,74605,77065,TRUE,6.348470806,8.559098538,2.54043525,5.869248459
ZCTA5 77356,1589,409500,106804,77356,TRUE,5.906703738,7.775113882,3.90985374,5.868171782
ZCTA5 76111,1391,216400,60194,76111,TRUE,6.518381217,8.932510189,1.92753765,5.865366839
ZCTA5 76262,1807,577100,151250,76262,TRUE,5.233240655,6.770558619,5.800135245,5.864504421
ZCTA5 77429,1779,369000,119191,77429,TRUE,5.3197405,8.017861424,4.436670934,5.864255908
ZCTA5 77338,1415,233300,64755,77338,TRUE,6.444238492,8.831215536,2.121516274,5.86351494
ZCTA5 77385,1820,327100,117118,77385,TRUE,5.193080012,8.26900024,4.348506564,5.862484046
ZCTA5 77568,1524,230400,74694,77568,TRUE,6.107506951,8.848597459,2.544220407,5.86084814
ZCTA5 77378,1532,199800,71143,77378,TRUE,6.082792709,9.032006713,2.393196926,5.860678175
ZCTA5 77054,1440,200000,62106,77054,TRUE,6.367006487,9.03080796,2.008854714,5.858701397
ZCTA5 75065,1665,334400,102597,75065,TRUE,5.671918443,8.225245744,3.730930681,5.855620305
ZCTA5 78232,1449,362000,85273,78232,TRUE,6.339202966,8.059817789,2.99414364,5.851869615
ZCTA5 77090,1255,251600,50903,77090,TRUE,6.938523324,8.721529609,1.532392857,5.851586069
ZCTA5 78154,1671,318700,100572,78154,TRUE,5.653382762,8.319347878,3.644807744,5.850599791
ZCTA5 77021,1236,227900,45574,77021,TRUE,6.997219648,8.863581875,1.305751311,5.849687815
ZCTA5 75061,1382,257800,63798,75061,TRUE,6.546184739,8.684368257,2.080815212,5.848028936
ZCTA5 78015,2060,492400,162487,78015,TRUE,4.451652765,7.27823064,6.278043117,5.847543233
ZCTA5 75241,1378,192000,53998,75241,TRUE,6.55854186,9.078758092,1.664022728,5.84625099
ZCTA5 75215,1294,190100,45557,75215,TRUE,6.818041396,9.090146248,1.305028304,5.845768924
ZCTA5 77379,1697,353500,107486,77379,TRUE,5.573061477,8.110764805,3.938859094,5.84411176
ZCTA5 76053,1371,270900,64141,76053,TRUE,6.580166821,8.605849916,2.095402949,5.842442588
ZCTA5 75116,1455,237500,67390,75116,TRUE,6.320667285,8.806041717,2.233582416,5.840154154
ZCTA5 78260,1978,498100,154590,78260,TRUE,4.704973741,7.244066171,5.942184928,5.837864826
ZCTA5 76028,1677,327100,101138,76028,TRUE,5.634847081,8.26900024,3.668879636,5.835302795
ZCTA5 77386,1944,366600,132469,77386,TRUE,4.810009268,8.032246464,5.00138222,5.834092312
ZCTA5 77084,1581,248300,80575,77084,TRUE,5.93141798,8.741309039,2.794338427,5.833261432
ZCTA5 78204,1481,173100,60255,78204,TRUE,6.240345999,9.192040278,1.93013197,5.832790074
ZCTA5 77345,2096,393600,150742,77345,TRUE,4.340438678,7.870414769,5.778530083,5.830858927
ZCTA5 78628,1687,496600,125635,78628,TRUE,5.603954279,7.253056821,4.710733257,5.830718735
ZCTA5 77304,1426,355300,80425,77304,TRUE,6.41025641,8.099976025,2.78795895,5.830483057
ZCTA5 75058,1636,532600,125694,75058,TRUE,5.761507569,7.037281228,4.713242518,5.829760151
ZCTA5 76549,1517,226000,70871,76549,TRUE,6.129131912,8.874970031,2.381628808,5.828632417
ZCTA5 77004,1249,412800,71199,77004,TRUE,6.957059005,7.755334452,2.395578597,5.828097517
ZCTA5 75859,1554,231300,75139,75859,TRUE,6.014828545,8.843203069,2.563146188,5.827836195
ZCTA5 76126,1736,383700,113905,76126,TRUE,5.452579549,7.929753057,4.211858171,5.823515188
ZCTA5 77033,1326,128900,38071,77033,TRUE,6.71918443,9.456964757,0.986649882,5.820758163
ZCTA5 77477,1532,257300,75744,77477,TRUE,6.082792709,8.68736514,2.588876744,5.815989649
ZCTA5 75640,1564,272600,80967,75640,TRUE,5.983935743,8.595660513,2.811010126,5.815575489
ZCTA5 77879,1577,153900,65490,77879,TRUE,5.9437751,9.307120595,2.15277571,5.815478932
ZCTA5 77082,1416,243300,62455,77082,TRUE,6.441149212,8.771277871,2.02369763,5.814952335
ZCTA5 75062,1478,273600,72704,75062,TRUE,6.24961384,8.589666747,2.459586014,5.814621364
ZCTA5 76201,1164,257700,39982,76201,TRUE,7.219647822,8.684967634,1.067924416,5.813726744
ZCTA5 78202,1275,234700,47478,78202,TRUE,6.87673772,8.822824263,1.386728136,5.813560808
ZCTA5 76010,1280,217800,45466,76010,TRUE,6.861291319,8.924118916,1.301158088,5.812099629
ZCTA5 77373,1706,231400,88617,77373,TRUE,5.545257955,8.842603692,3.136363443,5.811793323
ZCTA5 77078,1297,162100,39093,77078,TRUE,6.808773556,9.257971709,1.030115383,5.80993555
ZCTA5 77083,1447,239300,64418,77083,TRUE,6.345381526,8.795252937,2.107183716,5.808883606
ZCTA5 75150,1461,238100,65440,75150,TRUE,6.302131603,8.802445457,2.150649218,5.806781044
ZCTA5 77057,1374,309400,66971,77057,TRUE,6.570898981,8.375089906,2.215762411,5.805615288
ZCTA5 78163,1951,435600,140594,78163,TRUE,4.788384306,7.618676576,5.346937213,5.805037859
ZCTA5 77478,1768,404600,118495,77478,TRUE,5.353722583,7.804483337,4.407070161,5.804955083
ZCTA5 76116,1269,305800,56187,76116,TRUE,6.895273401,8.396667466,1.757120559,5.804245768
ZCTA5 76036,1681,319300,97973,76036,TRUE,5.62248996,8.315751618,3.534272676,5.804003272
ZCTA5 78656,1629,238100,81346,78656,TRUE,5.78313253,8.802445457,2.827128938,5.80212533
ZCTA5 78249,1527,305400,80565,78249,TRUE,6.09823911,8.399064972,2.793913129,5.797189074
ZCTA5 77479,2063,478300,156735,77479,TRUE,4.442384924,7.362742748,6.033411446,5.795800228
ZCTA5 77008,1686,642600,143229,77008,TRUE,5.607043559,6.377966914,5.459003356,5.793908505
ZCTA5 78654,1387,358400,74130,78654,TRUE,6.530738338,8.081395349,2.520233574,5.792784012
ZCTA5 78229,1292,228900,46574,78229,TRUE,6.824219957,8.857588108,1.348281156,5.791448762
ZCTA5 78653,1595,358000,93900,78653,TRUE,5.888168057,8.083792855,3.361048616,5.788719664
ZCTA5 76021,1502,374400,87097,76021,TRUE,6.175471115,7.985495085,3.071718078,5.787352395
ZCTA5 78109,1723,252500,91320,78109,TRUE,5.492740192,8.716135219,3.251321615,5.787333127
ZCTA5 77446,997,250900,20766,77446,TRUE,7.735557615,8.725725246,0.250670908,5.787141892
ZCTA5 78636,1123,532600,72663,78636,TRUE,7.34630831,7.037281228,2.457842291,5.78706038
ZCTA5 77840,1108,244800,30377,77840,TRUE,7.392647513,8.762287221,0.659425252,5.783572747
ZCTA5 75202,2004,359500,133155,75202,TRUE,4.624652456,8.074802206,5.030557694,5.781468952
ZCTA5 75149,1553,227200,70774,75149,TRUE,6.017917825,8.867777511,2.377503413,5.780751407
ZCTA5 78244,1573,216300,71128,78244,TRUE,5.956132221,8.933109566,2.392558978,5.780153452
ZCTA5 76133,1586,238900,75523,76133,TRUE,5.915971579,8.797650444,2.579477648,5.779527059
ZCTA5 75490,1583,361500,92500,75490,TRUE,5.925239419,8.062814673,3.301506832,5.779392219
ZCTA5 76022,1500,277100,72560,76022,TRUE,6.181649676,8.568688564,2.453461717,5.779304954
ZCTA5 76016,1797,334500,108885,76016,TRUE,5.264133457,8.224646368,3.998358348,5.772554797
ZCTA5 77048,1441,210300,56747,77048,TRUE,6.363917207,8.969072165,1.780937273,5.770569714
ZCTA5 76017,1639,311600,90083,76017,TRUE,5.752239728,8.36190362,3.198712196,5.769080636
ZCTA5 77080,1303,345000,62134,77080,TRUE,6.790237875,8.16171182,2.010045549,5.767622361
ZCTA5 77493,1867,358100,118464,77493,TRUE,5.047883843,8.083193479,4.405751736,5.765837102
ZCTA5 78230,1363,386600,73529,78230,TRUE,6.604881063,7.912371134,2.494673137,5.764065706
ZCTA5 76011,1365,247300,54038,76011,TRUE,6.598702502,8.747302805,1.665723922,5.763389019
ZCTA5 75013,1825,590700,146891,75013,TRUE,5.177633611,6.689043395,5.614747649,5.762190758
ZCTA5 79562,1821,329800,109572,79562,TRUE,5.189990732,8.25281707,4.027576352,5.760114319
ZCTA5 77578,2005,377900,134016,77578,TRUE,4.621563176,7.964516902,5.067175891,5.758133108
ZCTA5 77551,1352,290600,58344,77551,TRUE,6.638863145,8.487772716,1.848857436,5.756534304
ZCTA5 77450,1746,361400,106402,77450,TRUE,5.421686747,8.063414049,3.892756742,5.755525936
ZCTA5 78132,1670,620300,135315,78132,TRUE,5.656472042,6.511627907,5.12242216,5.752803837
ZCTA5 77003,1486,384400,83980,77003,TRUE,6.224899598,7.92555742,2.93915255,5.749372831
ZCTA5 77469,1758,327200,102125,77469,TRUE,5.384615385,8.268400863,3.710856594,5.747623391
ZCTA5 75050,1586,240700,73274,75050,TRUE,5.915971579,8.786861664,2.483828026,5.747595539
ZCTA5 77063,1368,290300,59113,77063,TRUE,6.589434662,8.489570846,1.881562887,5.747113985
ZCTA5 76087,1806,383200,114306,76087,TRUE,5.236329935,7.93274994,4.228912639,5.743030748
ZCTA5 75246,1086,447800,53555,75246,TRUE,7.460611677,7.545552625,1.645182006,5.741465061
ZCTA5 76633,1699,404300,106755,76633,TRUE,5.566882916,7.806281467,3.907769777,5.74096854
ZCTA5 75165,1580,341600,86391,75165,TRUE,5.93450726,8.182090626,3.041692007,5.740937694
ZCTA5 77053,1622,172900,66510,77053,TRUE,5.804757492,9.193239031,2.196156153,5.738721552
ZCTA5 76679,1738,161300,75878,76679,TRUE,5.446400989,9.262766723,2.594575744,5.735763135
ZCTA5 76086,1441,258100,60578,76086,TRUE,6.363917207,8.682570127,1.94386911,5.733498654
ZCTA5 75237,1289,247500,44318,75237,TRUE,6.833487797,8.746104052,1.252333825,5.732926482
ZCTA5 79044,1604,185400,66071,79044,TRUE,5.860364535,9.11831695,2.17748555,5.732886564
ZCTA5 77069,1550,324100,80257,77069,TRUE,6.027185666,8.286981539,2.780813936,5.731212909
ZCTA5 77498,1797,302600,100950,77498,TRUE,5.264133457,8.415847519,3.660884025,5.728672846
ZCTA5 75154,1730,345500,100388,75154,TRUE,5.47111523,8.158714936,3.636982252,5.727155249
ZCTA5 77554,1411,466800,86490,77554,TRUE,6.456595613,7.431671062,3.045902462,5.725910303
ZCTA5 78617,1529,281700,71640,78617,TRUE,6.09206055,8.541117238,2.414334259,5.723459669
ZCTA5 78666,1319,306700,54737,78666,TRUE,6.740809391,8.391273076,1.695452284,5.722341364
ZCTA5 77095,1687,315500,91594,77095,TRUE,5.603954279,8.338527931,3.262974793,5.722032529
ZCTA5 75033,2056,652100,174762,75033,TRUE,4.464009886,6.321026133,6.800096968,5.721940885
ZCTA5 76205,1423,335600,68600,76205,TRUE,6.419524251,8.218053225,2.285043529,5.718738727
ZCTA5 78732,1949,853900,192500,78732,TRUE,4.794562867,5.111484057,7.554491364,5.717617773
ZCTA5 76248,2141,576600,171804,76248,TRUE,4.201421069,6.773555502,6.674293686,5.714923184
ZCTA5 77584,1933,365300,121872,77584,TRUE,4.84399135,8.04003836,4.550693449,5.714816083
ZCTA5 77388,1845,288300,102323,77388,TRUE,5.115848007,8.501558379,3.719277503,5.712589968
ZCTA5 75254,1484,287300,67216,75254,TRUE,6.231078159,8.507552146,2.226182223,5.712551574
ZCTA5 75043,1609,269400,76778,75043,TRUE,5.844918134,8.614840566,2.632852604,5.712275205
ZCTA5 77550,1205,325900,45047,77550,TRUE,7.092987334,8.27619276,1.283338082,5.705054186
ZCTA5 77459,1987,386900,129151,77459,TRUE,4.677170219,7.910573004,4.860268193,5.702120447
ZCTA5 75233,1316,286500,49870,75233,TRUE,6.750077232,8.512347159,1.488459526,5.700272898
ZCTA5 78258,1736,480500,117835,78258,TRUE,5.452579549,7.349556461,4.379000464,5.699598897
ZCTA5 76249,1943,356000,120169,76249,TRUE,4.813098548,8.095780388,4.478265123,5.697453072
ZCTA5 79410,1322,246400,44537,79410,TRUE,6.731541551,8.752697195,1.261647861,5.696920137
ZCTA5 76006,1405,294200,59139,76006,TRUE,6.475131294,8.466195157,1.882668663,5.694711664
ZCTA5 78610,1867,408000,119698,78610,TRUE,5.047883843,7.784104531,4.458233565,5.691854966
ZCTA5 75424,1691,312300,89157,75424,TRUE,5.591597158,8.357707984,3.15932956,5.691750126
ZCTA5 75057,1735,238400,82803,75057,TRUE,5.455668829,8.800647327,2.889094922,5.689190206
ZCTA5 77077,1430,379700,72871,77077,TRUE,6.397899289,7.953728123,2.466688499,5.685284702
ZCTA5 77451,1365,128800,31125,77451,TRUE,6.598702502,9.457564133,0.691237576,5.684121514
ZCTA5 76179,1861,330300,107428,76179,TRUE,5.066419524,8.249820187,3.936392363,5.682431575
ZCTA5 77339,1673,297500,84102,77339,TRUE,5.647204201,8.446415728,2.944341191,5.676108756
ZCTA5 75236,1379,255800,49715,75236,TRUE,6.55545258,8.69635579,1.4818674,5.675647989
ZCTA5 78624,1342,463300,75237,78624,TRUE,6.669755947,7.452649245,2.567314113,5.673891386
ZCTA5 76084,1909,264700,102115,76084,TRUE,4.918134075,8.643011268,3.710431295,5.673286399
ZCTA5 77070,1619,288800,77397,77070,TRUE,5.814025332,8.498561496,2.659178579,5.672932155
ZCTA5 78613,1815,496200,125487,78613,TRUE,5.208526413,7.255454327,4.70443884,5.671378516
ZCTA5 78006,1650,543900,116156,78006,TRUE,5.718257646,6.969551666,4.307592853,5.670446414
ZCTA5 76140,1686,234700,75955,76140,TRUE,5.607043559,8.822824263,2.597850542,5.669019865
ZCTA5 78641,1943,480400,135024,78641,TRUE,4.813098548,7.350155838,5.110045975,5.663299963
ZCTA5 75022,2123,657400,177357,75022,TRUE,4.257028112,6.28925917,6.910461917,5.662727571
ZCTA5 78657,1492,483200,91452,78657,TRUE,6.206363917,7.333373292,3.256935555,5.659638221
ZCTA5 77565,1625,419000,95268,77565,TRUE,5.795489651,7.7181731,3.419229444,5.659416624
ZCTA5 77384,1585,422200,91667,77384,TRUE,5.919060859,7.698993047,3.266079471,5.657146099
ZCTA5 77049,1587,217600,62971,77049,TRUE,5.912882298,8.92531767,2.04564303,5.656441129
ZCTA5 76064,1511,343300,73125,76064,TRUE,6.147667593,8.171901223,2.477491079,5.653884728
ZCTA5 75006,1654,328500,84815,75006,TRUE,5.705900525,8.260608967,2.974664971,5.652942391
ZCTA5 76137,1741,310900,90718,76137,TRUE,5.437133148,8.366099257,3.225718648,5.652398631
ZCTA5 76537,1849,290900,98199,76537,TRUE,5.103490887,8.485974586,3.543884421,5.650354057
ZCTA5 77518,1498,201500,51458,77518,TRUE,6.187828236,9.02181731,1.555996921,5.648475564
ZCTA5 75067,1573,343900,78752,75067,TRUE,5.956132221,8.168304963,2.716806519,5.647986333
ZCTA5 75141,1396,248900,48159,75141,TRUE,6.502934816,8.737712779,1.415690961,5.647195048
ZCTA5 78733,1925,1008600,206368,78733,TRUE,4.868705592,4.184248382,8.144295259,5.646045329
ZCTA5 77051,1379,185500,37415,77051,TRUE,6.55545258,9.117717574,0.958750303,5.645121395
ZCTA5 75220,1256,500200,69843,75220,TRUE,6.935434044,7.231479262,2.337908127,5.644989834
ZCTA5 77041,1644,285200,77083,77041,TRUE,5.736793327,8.520139055,2.645824207,5.64450631
ZCTA5 78681,1963,497300,137819,78681,TRUE,4.751312944,7.248861184,5.228916892,5.643858601
ZCTA5 76177,1793,376000,104189,76177,TRUE,5.276490578,7.975905059,3.798638194,5.642959207
ZCTA5 77354,1851,397300,112504,77354,TRUE,5.097312326,7.848237833,4.152273858,5.639078438
ZCTA5 75025,2040,486100,143260,75025,TRUE,4.513438369,7.315991369,5.460321781,5.638269292
ZCTA5 78130,1659,323200,83064,78130,TRUE,5.690454124,8.292375929,2.900195212,5.633952992
ZCTA5 77007,1969,549100,144911,77007,TRUE,4.732777263,6.938384081,5.530538555,5.633787696
ZCTA5 75229,1609,631700,121469,75229,TRUE,5.844918134,6.443298969,4.533553921,5.631023121
ZCTA5 75115,1666,319400,82782,75115,TRUE,5.668829163,8.315152242,2.888201796,5.628537876
ZCTA5 78209,1447,497000,86514,78209,TRUE,6.345381526,7.250659314,3.046923178,5.627427358
ZCTA5 76180,1643,328000,81503,76180,TRUE,5.739882607,8.26360585,2.833806123,5.625176635
ZCTA5 76210,1910,376000,113980,76210,TRUE,4.915044795,7.975905059,4.21504791,5.623303808
ZCTA5 78640,1730,330400,90075,78640,TRUE,5.47111523,8.24922081,3.198371958,5.622723922
ZCTA5 76063,1913,411800,118946,76063,TRUE,4.905776954,7.761328219,4.426251122,5.618584584
ZCTA5 76208,1669,369100,88967,76208,TRUE,5.659561322,8.017262047,3.151248889,5.61437781
ZCTA5 76131,1911,343100,108694,76131,TRUE,4.911955514,8.173099976,3.990235148,5.613782743
ZCTA5 75075,1683,428000,98365,75075,TRUE,5.616311399,7.664229202,3.550944375,5.611076633
ZCTA5 75243,1285,386100,53618,75243,TRUE,6.845844918,7.915368017,1.647861387,5.607306788
ZCTA5 78660,1863,411900,113205,78660,TRUE,5.060240964,7.760728842,4.18208728,5.606941222
ZCTA5 76182,1954,403000,120558,76182,TRUE,4.779116466,7.814073364,4.494809232,5.604311365
ZCTA5 75214,1533,777100,132313,75214,TRUE,6.079703429,5.571805322,4.994747564,5.601847238
ZCTA5 76065,2005,425100,127756,76065,TRUE,4.621563176,7.681611124,4.800939059,5.593390325
ZCTA5 76001,1879,352700,105311,76001,TRUE,5.010812481,8.115559818,3.846356681,5.592899942
ZCTA5 77047,1775,234300,78538,77047,TRUE,5.332097621,8.825221769,2.707705132,5.592717119
ZCTA5 75413,1525,195000,48750,75413,TRUE,6.104417671,9.060776792,1.4408261,5.592247936
ZCTA5 78754,1728,349400,90121,78754,TRUE,5.477293791,8.135339247,3.20032833,5.591617789
ZCTA5 75052,1782,307100,89301,75052,TRUE,5.31047266,8.388875569,3.165453857,5.590487892
ZCTA5 78744,1647,357500,83002,78744,TRUE,5.727525487,8.086789739,2.897558362,5.586314625
ZCTA5 78664,1692,358200,87417,78664,TRUE,5.588507878,8.082594102,3.085327629,5.58577967
ZCTA5 78717,1867,652200,145325,78717,TRUE,5.047883843,6.320426756,5.548145911,5.579725337
ZCTA5 75114,1799,293000,88013,75114,TRUE,5.257954897,8.473387677,3.110675416,5.578400887
ZCTA5 75167,1936,411200,117714,75167,TRUE,4.834723509,7.764924479,4.373854352,5.575523053
ZCTA5 75089,1986,382400,118318,75089,TRUE,4.6802595,7.937544953,4.399542379,5.573229999
ZCTA5 76132,1406,396200,63924,76132,TRUE,6.472042014,7.854830976,2.086173973,5.57111829
ZCTA5 75078,2288,732300,196564,75078,TRUE,3.74729688,5.840326061,7.727332656,5.569216367
ZCTA5 77494,2167,476200,148720,77494,TRUE,4.121099784,7.375329657,5.692534736,5.568799232
ZCTA5 75019,1977,559500,141923,75019,TRUE,4.708063021,6.876048909,5.403459378,5.567077695
ZCTA5 78748,1839,465100,115213,78748,TRUE,5.134383689,7.441860465,4.267487209,5.566557778
ZCTA5 77449,1863,255900,87808,77449,TRUE,5.060240964,8.695756413,3.101956798,5.563410349
ZCTA5 76244,2024,391200,122217,76244,TRUE,4.562866852,7.884799808,4.565366246,5.560196557
ZCTA5 76014,1613,234600,60333,76014,TRUE,5.832561013,8.823423639,1.933449298,5.560086287
ZCTA5 75002,2095,447800,137037,75002,TRUE,4.343527958,7.545552625,5.195658553,5.559774537
ZCTA5 77043,1553,411100,79359,77043,TRUE,6.017917825,7.765523855,2.742622135,5.559610927
ZCTA5 76015,1720,256900,73709,76015,TRUE,5.502008032,8.689762647,2.502328509,5.55843056
ZCTA5 75056,1902,458200,119682,75056,TRUE,4.939759036,7.483217454,4.457553088,5.558134777
ZCTA5 77042,1346,411800,59097,77042,TRUE,6.657398826,7.761328219,1.880882409,5.555622719
ZCTA5 75238,1357,568700,82019,75238,TRUE,6.623416744,6.820906257,2.855751524,5.552364032
ZCTA5 77380,1707,375500,88562,77380,TRUE,5.542168675,7.978901942,3.134024302,5.550745343
ZCTA5 75074,1718,371000,88697,75074,TRUE,5.508186593,8.005873891,3.139765831,5.546966554
ZCTA5 78724,1649,344000,77926,78724,TRUE,5.721346926,8.167705586,2.681676867,5.543353506
ZCTA5 75040,1728,266300,74519,75040,TRUE,5.477293791,8.633421242,2.536777684,5.541977194
ZCTA5 75218,1702,521000,107366,75218,TRUE,5.557615076,7.106808919,3.933755513,5.53521536
ZCTA5 75219,1845,388600,102364,75219,TRUE,5.115848007,7.900383601,3.721021227,5.532760651
ZCTA5 75081,1777,371500,93165,75081,TRUE,5.325919061,8.002877008,3.32978918,5.530167481
ZCTA5 75044,1810,344300,92178,75044,TRUE,5.223972814,8.165907456,3.287812222,5.525705029
ZCTA5 75104,1980,304200,102875,75104,TRUE,4.698795181,8.406257492,3.742753978,5.524221513
ZCTA5 78665,1938,474100,122680,78665,TRUE,4.828544949,7.387916567,4.585057564,5.523310219
ZCTA5 75252,1397,580600,85000,75252,TRUE,6.499845536,6.749580436,2.982532993,5.519572243
ZCTA5 78620,1965,676500,153477,78620,TRUE,4.745134384,6.174778231,5.89484921,5.518941986
ZCTA5 75146,1685,263900,68071,75146,TRUE,5.610132839,8.647806281,2.262545241,5.517158592
ZCTA5 75069,1618,432600,85327,75069,TRUE,5.817114612,7.636657876,2.996440252,5.516775283
ZCTA5 77362,1732,366100,86852,77362,TRUE,5.46493667,8.035243347,3.061298266,5.514937152
ZCTA5 78750,1748,601800,121563,78750,TRUE,5.415508187,6.622512587,4.537551727,5.514222569
ZCTA5 78753,1502,371300,65170,78753,TRUE,6.175471115,8.004075761,2.13916616,5.513161022
ZCTA5 78721,1482,523000,84573,78721,TRUE,6.237256719,7.094821386,2.964372749,5.512660928
ZCTA5 76247,2076,397900,124383,76247,TRUE,4.402224282,7.844641573,4.657485891,5.511527952
ZCTA5 77489,1816,225000,74689,77489,TRUE,5.205437133,8.880963798,2.544007757,5.50966632
ZCTA5 75137,1823,275600,82253,75137,TRUE,5.183812172,8.577679214,2.865703507,5.506539685
ZCTA5 75070,1858,465800,112352,75070,TRUE,5.075687365,7.437664829,4.145809322,5.505317191
ZCTA5 76052,2217,441800,143555,76052,TRUE,3.966635774,7.581515224,5.472868085,5.502969302
ZCTA5 75009,2369,515400,168250,75009,TRUE,3.497065184,7.140374011,6.523142615,5.497881061
ZCTA5 78634,2020,375200,114426,78634,TRUE,4.575223973,7.980700072,4.234016221,5.494504477
ZCTA5 75038,1506,408000,68990,75038,TRUE,6.163113994,7.784104531,2.301630169,5.490966008
ZCTA5 75063,1785,559900,117133,75063,TRUE,5.301204819,6.873651403,4.349144512,5.487320702
ZCTA5 75240,1418,395100,58320,75240,TRUE,6.434970652,7.861424119,1.847836719,5.486766512
ZCTA5 76102,1748,296600,75859,76102,TRUE,5.415508187,8.451810117,2.593767676,5.479876613
ZCTA5 75234,1781,351600,86733,75234,TRUE,5.31356194,8.122152961,3.056237214,5.478941829
ZCTA5 76039,1762,341300,83140,76039,TRUE,5.372258264,8.183888756,2.90342748,5.475098176
ZCTA5 77055,1263,624200,74369,77055,TRUE,6.913809082,6.488252218,2.530398207,5.47111876
ZCTA5 77545,1999,261500,94474,77545,TRUE,4.640098857,8.662191321,3.385460747,5.470335163
ZCTA5 75287,1472,405600,63741,75287,TRUE,6.268149521,7.798489571,2.078391011,5.470323983
ZCTA5 78626,1879,387700,100431,78626,TRUE,5.010812481,7.905777991,3.638811036,5.4677017
ZCTA5 75032,2095,491300,135742,75032,TRUE,4.343527958,7.284823783,5.140582404,5.465033039
ZCTA5 76107,1609,431200,79990,76107,TRUE,5.844918134,7.645049149,2.769458467,5.462319539
ZCTA5 76271,1739,329300,78125,76271,TRUE,5.443311708,8.255813953,2.690140306,5.461110961
ZCTA5 75166,2203,396600,132101,75166,TRUE,4.009885697,7.852433469,4.985731237,5.45540369
ZCTA5 75023,1944,416500,109660,75023,TRUE,4.810009268,7.733157516,4.031318978,5.453346655
ZCTA5 76941,1950,191700,78359,76941,TRUE,4.791473587,9.080556222,2.70009229,5.450783988
ZCTA5 75235,1647,294500,63393,75235,TRUE,5.727525487,8.464397027,2.063590625,5.44940649
ZCTA5 75088,1990,358400,105313,75088,TRUE,4.667902379,8.081395349,3.84644174,5.445512078
ZCTA5 78738,1983,916300,183048,78738,TRUE,4.68952734,4.737473028,7.152499266,5.442802624
ZCTA5 76051,1862,489400,111160,76051,TRUE,5.063330244,7.29621194,4.095113746,5.442729803
ZCTA5 76085,1952,381900,104531,76085,TRUE,4.785295026,7.940541836,3.813183401,5.440235582
ZCTA5 75231,1273,522400,58540,75231,TRUE,6.882916281,7.098417646,1.857193285,5.439849792
ZCTA5 78747,1761,430300,92748,78747,TRUE,5.375347544,7.650443539,3.312054234,5.438888349
ZCTA5 78676,1589,511600,87344,78676,TRUE,5.906703738,7.163150324,3.08222295,5.436293477
ZCTA5 76148,2009,242200,89840,76148,TRUE,4.609206055,8.777871014,3.188377444,5.433556959
ZCTA5 77002,1885,305000,86394,77002,TRUE,4.9922768,8.401462479,3.041819597,5.429895343
ZCTA5 75028,2271,488700,149436,75028,TRUE,3.799814643,7.300407576,5.722986105,5.426943962
ZCTA5 75134,1818,235700,69778,75134,TRUE,5.199258573,8.816830496,2.335143687,5.425295684
ZCTA5 75010,1854,484800,107317,75010,TRUE,5.088044486,7.323783265,3.931671551,5.411854239
ZCTA5 75248,1652,576100,100414,75248,TRUE,5.712079086,6.776552386,3.638088028,5.409223758
ZCTA5 75035,2290,608900,166590,75035,TRUE,3.741118319,6.579956845,6.452543072,5.406197303
ZCTA5 76018,1982,265100,88288,76018,TRUE,4.69261662,8.640613762,3.122371124,5.405942114
ZCTA5 76207,1769,390900,85330,76207,TRUE,5.350633302,7.886597938,2.996567841,5.405203055
ZCTA5 75077,2098,464000,127211,75077,TRUE,4.334260117,7.448453608,4.777760293,5.401568217
ZCTA5 75164,1792,242500,65825,75164,TRUE,5.279579858,8.776072884,2.167023209,5.394760771
ZCTA5 78729,1678,476200,86438,78729,TRUE,5.6317578,7.375329657,3.04369091,5.37840929
ZCTA5 75082,1906,492900,110534,75082,TRUE,4.927401915,7.275233757,4.068490063,5.374077912
ZCTA5 75189,2173,356600,117125,75189,TRUE,4.102564103,8.092184129,4.348804273,5.373322162
ZCTA5 75249,1950,286000,85500,75249,TRUE,4.791473587,8.515344042,3.003797915,5.372332022
ZCTA5 78734,1851,677300,130784,78734,TRUE,5.097312326,6.169983217,4.929719431,5.368835725
ZCTA5 76227,2055,400800,111402,76227,TRUE,4.467099166,7.82725965,4.105405969,5.366639352
ZCTA5 78728,1632,437000,75243,78728,TRUE,5.77386469,7.610285303,2.567569292,5.362902254
ZCTA5 78108,2171,337600,113004,78108,TRUE,4.108742663,8.206065692,4.173538781,5.357378407
ZCTA5 78752,1581,422000,67682,78752,TRUE,5.93141798,7.700191801,2.246001131,5.356425071
ZCTA5 78737,2131,765000,168920,78737,TRUE,4.232313871,5.644329897,6.551637612,5.351715801
ZCTA5 75093,1814,670500,124563,75093,TRUE,5.211615694,6.21074083,4.665141263,5.347410905
ZCTA5 75098,2182,401500,122089,75098,TRUE,4.074760581,7.823064013,4.559922426,5.344800164
ZCTA5 78723,1724,562300,100329,78723,TRUE,5.489650911,6.859266363,3.634472991,5.343982171
ZCTA5 75409,2078,353600,104814,75409,TRUE,4.396045721,8.110165428,3.825219348,5.339033721
ZCTA5 75071,2179,481400,132447,75071,TRUE,4.084028421,7.344162071,5.000446563,5.336993959
ZCTA5 78741,1596,420100,66741,78741,TRUE,5.885078777,7.711579957,2.205980547,5.329299662
ZCTA5 78727,1882,540400,110379,78727,TRUE,5.00154464,6.990529849,4.061897937,5.316346192
ZCTA5 75208,1739,438400,81950,75208,TRUE,5.443311708,7.60189403,2.852816964,5.313737982
ZCTA5 75126,2076,361100,103673,75126,TRUE,4.402224282,8.065212179,3.776692794,5.313461205
ZCTA5 75072,2512,502700,165682,75072,TRUE,3.055298116,7.216494845,6.413925973,5.311245492
ZCTA5 78758,1663,440200,74381,78758,TRUE,5.678097003,7.591105251,2.530908565,5.307842946
ZCTA5 77407,2016,372000,98913,77407,TRUE,4.587581094,7.999880125,3.57425073,5.307271694
ZCTA5 77079,1615,679900,101995,77079,TRUE,5.826382453,6.154399425,3.705327714,5.288471123
ZCTA5 75024,1891,598600,117088,75024,TRUE,4.973741118,6.64169264,4.347230669,5.28617344
ZCTA5 78340,1875,162900,54000,78340,TRUE,5.023169601,9.253176696,1.664107788,5.284453186
ZCTA5 78745,1713,504800,86109,78745,TRUE,5.523632994,7.203907936,3.029698591,5.279535155
ZCTA5 76123,2171,310500,102768,76123,TRUE,4.108742663,8.368496763,3.738203284,5.275507079
ZCTA5 77025,1547,586600,81008,77025,TRUE,6.036453506,6.713617837,2.81275385,5.272492909
ZCTA5 75230,1358,931500,110956,75230,TRUE,6.620327464,4.646367778,4.086437658,5.267972616
ZCTA5 75407,2126,329000,100037,75407,TRUE,4.247760272,8.257612083,3.622054277,5.263004017
ZCTA5 75068,2289,410900,126635,75068,TRUE,3.7442076,7.766722608,4.753263102,5.253678753
ZCTA5 76002,2126,339100,100667,76002,TRUE,4.247760272,8.197075042,3.648848079,5.252881045
ZCTA5 75080,1889,447100,92903,75080,TRUE,4.979919679,7.549748262,3.31864636,5.252486258
ZCTA5 78597,1521,527200,68421,78597,TRUE,6.116774791,7.069647567,2.277430687,5.250833393
ZCTA5 75036,2328,564500,151645,75036,TRUE,3.623725672,6.846080077,5.816934534,5.248394652
ZCTA5 78215,1767,476500,84437,78215,TRUE,5.356811863,7.373531527,2.95858869,5.24236081
ZCTA5 77006,1802,614800,106533,77006,TRUE,5.248687056,6.544593623,3.898328152,5.232351355
ZCTA5 78757,1723,655900,103860,78757,TRUE,5.492740192,6.29824982,3.784645875,5.221964785
ZCTA5 75244,1953,617800,120286,75244,TRUE,4.782205746,6.526612323,4.483241114,5.21583833
ZCTA5 78725,2232,330600,105795,78725,TRUE,3.920296571,8.248022057,3.866941126,5.202607583
ZCTA5 77865,2050,187100,67114,77865,TRUE,4.482545567,9.108127547,2.221844179,5.192009745
ZCTA5 78633,1998,464600,100936,78633,TRUE,4.643188137,7.444857348,3.660288608,5.188819042
ZCTA5 75204,1896,479500,92253,75204,TRUE,4.958294717,7.355550228,3.291001961,5.177283543
ZCTA5 78266,2306,586600,146792,78266,TRUE,3.691689836,6.713617837,5.610537194,5.173922444
ZCTA5 76109,1770,630800,100507,76109,TRUE,5.347544022,6.448693359,3.642043304,5.166238608
ZCTA5 78759,1727,674000,102400,78759,TRUE,5.480383071,6.189762647,3.722552301,5.165847713
ZCTA5 77401,2672,1036800,243750,77401,TRUE,2.561013284,4.015224167,9.734145937,5.149216345
ZCTA5 78756,1433,832000,94701,78756,TRUE,6.388631449,5.242747543,3.395115022,5.146811349
ZCTA5 78256,1600,579300,74977,78256,TRUE,5.872721656,6.757372333,2.556256353,5.143177268
ZCTA5 78749,1965,585200,111079,78749,TRUE,4.745134384,6.722009111,4.091668829,5.142157135
ZCTA5 76008,2695,493200,168314,76008,TRUE,2.489959839,7.273435627,6.525864525,5.135773981
ZCTA5 75454,2462,456100,138827,75454,TRUE,3.209762125,7.495804363,5.271786977,5.114182252
ZCTA5 78736,1830,573100,93805,78736,TRUE,5.16218721,6.794533685,3.357008281,5.110337474
ZCTA5 78730,1860,1014700,158673,78730,TRUE,5.069508804,4.147686406,6.115834287,5.10685973
ZCTA5 75209,1836,864200,134707,75209,TRUE,5.143651529,5.049748262,5.096564014,5.101354294
ZCTA5 75039,1917,597800,104853,75039,TRUE,4.893419833,6.646487653,3.826878012,5.099377633
ZCTA5 77464,2008,250000,64375,77464,TRUE,4.612295335,8.731119636,2.105354933,5.095860505
ZCTA5 75001,1784,468800,73514,75001,TRUE,5.304294099,7.419683529,2.494035189,5.095833255
ZCTA5 75181,2423,312400,111052,75181,TRUE,3.330244053,8.357108607,4.090520523,5.06638636
ZCTA5 75206,1777,615400,91023,75206,TRUE,5.325919061,6.540997363,3.238690251,5.064273908
ZCTA5 78719,1656,456200,56202,78719,TRUE,5.699721965,7.495204987,1.757758507,5.055777834
ZCTA5 78205,1276,604600,38964,78205,TRUE,6.87364844,6.605730041,1.024629033,5.038567098
ZCTA5 75034,1864,729700,111122,75034,TRUE,5.057151684,5.855909854,4.093497612,5.007682913
ZCTA5 75094,2794,539200,171476,75094,TRUE,2.1841211,6.997722369,6.660343896,4.971068319
ZCTA5 78726,1738,698100,90885,78726,TRUE,5.446400989,6.045312875,3.232821132,4.962000597
ZCTA5 78257,1689,670400,81301,78257,TRUE,5.597775718,6.211340206,2.825215095,4.950076878
ZCTA5 78872,2125,78500,39659,78872,TRUE,4.250849552,9.759050587,1.054187276,4.94431118
ZCTA5 78735,2005,867500,139191,78735,TRUE,4.621563176,5.029968832,5.28726784,4.943796272
ZCTA5 77098,1892,787300,116650,77098,TRUE,4.970651838,5.510668904,4.328602597,4.940042186
ZCTA5 77030,1714,631400,77336,77030,TRUE,5.520543713,6.445097099,2.656584258,4.938721892
ZCTA5 77005,2181,1395100,229267,77005,TRUE,4.077849861,1.867657636,9.118186187,4.926893091
ZCTA5 78722,2034,678300,105046,78722,TRUE,4.53197405,6.163989451,3.835086272,4.812512337
ZCTA5 75201,2008,688100,103761,75201,TRUE,4.612295335,6.105250539,3.780435421,4.810623922
ZCTA5 77019,1959,816500,116423,77019,TRUE,4.763670065,5.335650923,4.318948322,4.801847799
ZCTA5 78669,2306,671000,128000,78669,TRUE,3.691689836,6.207743946,4.811316341,4.782394021
ZCTA5 78731,1737,903200,105494,78731,TRUE,5.449490269,4.815991369,3.854139642,4.780835411
ZCTA5 78702,2041,686800,102171,78702,TRUE,4.510349089,6.113042436,3.712812966,4.751896256
ZCTA5 77024,1786,1127500,136149,77024,TRUE,5.298115539,3.471589547,5.157892051,4.708090695
ZCTA5 78704,1801,916100,106897,78704,TRUE,5.251776336,4.738671781,3.913809015,4.696454773
ZCTA5 77027,1865,859500,103812,77027,TRUE,5.054062403,5.077918964,3.782604443,4.679781983
ZCTA5 79758,2536,390700,102560,79758,TRUE,2.981155391,7.887796691,3.729357076,4.677608287
ZCTA5 78652,2666,528100,133368,78652,TRUE,2.579548965,7.064253177,5.039616551,4.662980504
ZCTA5 78751,1695,852000,80915,78751,TRUE,5.579240037,5.122872213,2.808798574,4.611197251
ZCTA5 76005,3081,523400,168806,76005,TRUE,1.297497683,7.092423879,6.546789209,4.610763
ZCTA5 76226,3090,606100,180982,76226,TRUE,1.269694161,6.596739391,7.064632606,4.606289264
ZCTA5 77426,2075,592300,80446,77426,TRUE,4.405313562,6.679453368,2.788852077,4.602617058
ZCTA5 77056,1840,860900,93499,77056,TRUE,5.131294408,5.069527691,3.343994148,4.576574315
ZCTA5 78701,2759,722400,162168,78701,TRUE,2.292245907,5.899664349,6.264476096,4.566140496
ZCTA5 76034,3263,782300,217914,76034,TRUE,0.735248687,5.540637737,8.635344853,4.546894252
ZCTA5 78705,1571,647600,32380,78705,TRUE,5.962310782,6.347998082,0.744612532,4.512707497
ZCTA5 78739,3473,808600,238559,78739,TRUE,0.086499846,5.383001678,9.51337351,4.503512495
ZCTA5 78373,2294,599400,91106,78373,TRUE,3.728761199,6.636897626,3.242220228,4.455239836
ZCTA5 78746,2136,1494300,188414,78746,TRUE,4.21686747,1.273076001,7.380714416,4.282884113
ZCTA5 76092,3501,1007500,250001,76092,TRUE,0,4.190841525,10,4.257252457
ZCTA5 78703,2181,1495800,153036,78703,TRUE,4.077849861,1.264085351,5.876093549,3.773193614
ZCTA5 75225,2452,1671900,200234,75225,TRUE,3.240654927,0.208583074,7.883417188,3.723862049
ZCTA5 75205,2529,1706700,181631,75205,TRUE,3.002780352,0,7.092234476,3.328782484
